Ciorba de fasole,Paste suedeze,Crema de zah?r ars,Supa mexicana de rosi,"Cartofi prajiti, dulci sau albi/rosii",Budinc? cu orez ?i lapte s?n?toas? ?i cu un gust exotic veritabil�,,"somon la gr?tar, un cartof dulce copt ?i fasole verde sotat?."Numar flexitarieni vegetarieni orice: 1532 1073 -1738,
Ciorba de miel,Toc?ni?? de vit? cu ciuperci,�G?lu?tele cu prune,Supa cu ciuperci champignon,Ciuperci la cuptor,Pr?jiturele cu scor?i?oar? ?i ov?z u?or de preparat�,,Chiftelute din pesteNumar flexitarieni vegetarieni orice: 739 1424 -1296,
Ciorba de fasole,Paste suedeze,Crema de zah?r ars,Supa mexicana de rosi,"Cartofi prajiti, dulci sau albi/rosii",Budinc? cu orez ?i lapte s?n?toas? ?i cu un gust exotic veritabil�,,"somon la gr?tar, un cartof dulce copt ?i fasole verde sotat?."Numar flexitarieni vegetarieni orice: 466 617 -216,
Ciorba de miel,Toc?ni?? de vit? cu ciuperci,�G?lu?tele cu prune,Supa cu ciuperci champignon,Ciuperci la cuptor,Pr?jiturele cu scor?i?oar? ?i ov?z u?or de preparat�,,Chiftelute din pesteNumar flexitarieni vegetarieni orice: 885 480 -498,
Ciorba ardeleneasca de vitel cu smantana,,,,Vinete Saganaki vegane,,,Numar flexitarieni vegetarieni orice: 393 1005 -531,
Bors de tacamuri de pui,Ciulama de ciuperci champignon,Tort olandez,Supa curry,Varza calita cu mamaligut,Negresele cu ov?z ?i sfecl? ro?ie�,,Numar flexitarieni vegetarieni orice: 329 136 402,
Ciorba ardeleneasca de vitel cu smantana,,,,Vinete Saganaki vegane,,,Numar flexitarieni vegetarieni orice: 839 1184 -1156,
Ciorba de fasole,Paste suedeze,Crema de zah?r ars,Supa mexicana de rosi,"Cartofi prajiti, dulci sau albi/rosii",Budinc? cu orez ?i lapte s?n?toas? ?i cu un gust exotic veritabil�,,"somon la gr?tar, un cartof dulce copt ?i fasole verde sotat?."Numar flexitarieni vegetarieni orice: 1117 519 -769,
Ciorba de miel,Toc?ni?? de vit? cu ciuperci,�G?lu?tele cu prune,Supa cu ciuperci champignon,Ciuperci la cuptor,Pr?jiturele cu scor?i?oar? ?i ov?z u?or de preparat�,,Chiftelute din pesteNumar flexitarieni vegetarieni orice: 781 1245 -1159,
Ciorba radauteana,,,,Quiche vegan f?r? crust?,,Numar flexitarieni vegetarieni orice: 956 1102 -1191,
Ciorba ardeleneasca de vitel cu smantana,,,,Vinete Saganaki vegane,,,Numar flexitarieni vegetarieni orice: 113 977 -223,
Bors de tacamuri de pui,Ciulama de ciuperci champignon,Tort olandez,Supa curry,Varza calita cu mamaligut,Negresele cu ov?z ?i sfecl? ro?ie�,,Numar flexitarieni vegetarieni orice: 493 12 362,
Ciorba ardeleneasca de vitel cu smantana,,,,Vinete Saganaki vegane,,,Numar flexitarieni vegetarieni orice: 934 529 -596,
Supa limpede din oase si rasol de vita,,,,Ostropel cu soia,,,Numar flexitarieni vegetarieni orice: 980 705 -818,
Supa limpede din oase si rasol de vita,,,,Ostropel cu soia,,,Numar flexitarieni vegetarieni orice: 731 996 -860,
Ciorba ardeleneasca de vitel cu smantana,,,,Vinete Saganaki vegane,,,Numar flexitarieni vegetarieni orice: 217 356 294,
Supa limpede din oase si rasol de vita,,,,Ostropel cu soia,,,Numar flexitarieni vegetarieni orice: 1134 849 -1116,
Ciorba radauteana,,,,Quiche vegan f?r? crust?,,Numar flexitarieni vegetarieni orice: 973 926 -1032,
Ciorba cu coada de vita (acrita cu zeama de varza),S?rm?lu?e tradi?ionale,Cabane,Supa picanta de dovleac,Tocanita de cartofi cu salata sau muraturi�,"pr?jitur? cu ciocolat? fitness ""Chocaholic""",,Numar flexitarieni vegetarieni orice: 956 820 -909,
Supa de galusti,Piept de ra?? �n sos de rodii,Papana?ii,Supa crema de legume cu crutoane,mancare de fasole verde,�nghe?at? antistres cu lavand? ?i afine,,Sushi VeganNumar flexitarieni vegetarieni orice: 956 436 -525,
Bors de tacamuri de pui,Ciulama de ciuperci champignon,Tort olandez,Supa curry,Varza calita cu mamaligut,Negresele cu ov?z ?i sfecl? ro?ie�,,Numar flexitarieni vegetarieni orice: 619 1455 -1207,
Ciorba de miel,Toc?ni?? de vit? cu ciuperci,�G?lu?tele cu prune,Supa cu ciuperci champignon,Ciuperci la cuptor,Pr?jiturele cu scor?i?oar? ?i ov?z u?or de preparat�,,Chiftelute din pesteNumar flexitarieni vegetarieni orice: 667 429 -229,
Ciorba a la grec,Maz?re cu pui,Tort de ciocolata,Supa clara cu broccoli,"Orez preparat in stil chinezesc, cu legume",pr?jitur? cu morcov�,,Dovlecei cu ton si rosii cherry la cuptorNumar flexitarieni vegetarieni orice: 1260 727 -1120,
Ciorba ardeleneasca de vitel cu smantana,,,,Vinete Saganaki vegane,,,Numar flexitarieni vegetarieni orice: 121 108 638,
Bors de tacamuri de pui,Ciulama de ciuperci champignon,Tort olandez,Supa curry,Varza calita cu mamaligut,Negresele cu ov?z ?i sfecl? ro?ie�,,Numar flexitarieni vegetarieni orice: 1120 9 -262,
supa/ciorba,Fel principal,desert,supa_veg,fel vegetarian,desert veg,supa_flex, fel flexNumar flexitarieni vegetarieni orice: 852 191 -176,
Ciorba de vacuta,Pui la cuptor cu orez ?i cartofi,Pl?cinta cu mere sau cu dovleac,Ciorba de frunze de sfecla,Falafel,�p?tr??elele cu cacao�,,File de dorada cu cartofi si portocale la cuptorNumar flexitarieni vegetarieni orice: 1331 940 -1404,
Ciorba a la grec,Maz?re cu pui,Tort de ciocolata,Supa clara cu broccoli,"Orez preparat in stil chinezesc, cu legume",pr?jitur? cu morcov�,,Dovlecei cu ton si rosii cherry la cuptorNumar flexitarieni vegetarieni orice: 453 197 217,
Bors de tacamuri de pui,Ciulama de ciuperci champignon,Tort olandez,Supa curry,Varza calita cu mamaligut,Negresele cu ov?z ?i sfecl? ro?ie�,,Numar flexitarieni vegetarieni orice: 698 538 -369,
Supa de galusti,Piept de ra?? �n sos de rodii,Papana?ii,Supa crema de legume cu crutoane,mancare de fasole verde,�nghe?at? antistres cu lavand? ?i afine,,Sushi VeganNumar flexitarieni vegetarieni orice: 1390 139 -662,
Cost total 1043742
supa/ciorba,Fel principal,desert,supa_veg,fel vegetarian,desert veg,supa_flex, fel flexNumar flexitarieni vegetarieni orice: 4258 2799 -6190,
Ciorba a la grec,Maz?re cu pui,Tort de ciocolata,Supa clara cu broccoli,"Orez preparat in stil chinezesc, cu legume",pr?jitur? cu morcov�,,Dovlecei cu ton si rosii cherry la cuptorNumar flexitarieni vegetarieni orice: 1543 3474 -4150,
Ciorba de vacuta,Pui la cuptor cu orez ?i cartofi,Pl?cinta cu mere sau cu dovleac,Ciorba de frunze de sfecla,Falafel,�p?tr??elele cu cacao�,,File de dorada cu cartofi si portocale la cuptorNumar flexitarieni vegetarieni orice: 3271 5276 -7680,
Ciorba radauteana,,,,Quiche vegan f?r? crust?,,Numar flexitarieni vegetarieni orice: 442 3479 -3054,
Ciorba de perisoare,Cordon Bleu de pui la cuptor, Amandina,Supa de linte cu crutoane,Cartof umplut cu pasta de masline,Brio?e s?n?toase cu morcov (din f?in? de gr�u spelta),supa/ciorba de peste,"�Somon� din tofu cu sparanghel, cartofi fondan?i ?i sos olandez vegan"Numar flexitarieni vegetarieni orice: 2183 2915 -4231,
Ciorba de fasole,Paste suedeze,Crema de zah?r ars,Supa mexicana de rosi,"Cartofi prajiti, dulci sau albi/rosii",Budinc? cu orez ?i lapte s?n?toas? ?i cu un gust exotic veritabil�,,"somon la gr?tar, un cartof dulce copt ?i fasole verde sotat?."Numar flexitarieni vegetarieni orice: 658 5304 -5095,
Supa de gaina cu taitei,Chiftelu?e �n sos de bere,Prajitura Alba ca Zapada,Supa cu naut si spanac,Pilaf cu legume cu salata verd,Porridge cu m?r ?i cocos f?r? zah?r sau gluten,,Crap la cuptor cu legumeNumar flexitarieni vegetarieni orice: 2666 1232 -3031,
Ciorba cu coada de vita (acrita cu zeama de varza),S?rm?lu?e tradi?ionale,Cabane,Supa picanta de dovleac,Tocanita de cartofi cu salata sau muraturi�,"pr?jitur? cu ciocolat? fitness ""Chocaholic""",,Numar flexitarieni vegetarieni orice: 3116 762 -3011,
Ciorba ardeleneasca de cartofi cu afumatura,,,,Tofu banh mi,,,Numar flexitarieni vegetarieni orice: 5338 2942 -7413,
Supa de galusti,Piept de ra?? �n sos de rodii,Papana?ii,Supa crema de legume cu crutoane,mancare de fasole verde,�nghe?at? antistres cu lavand? ?i afine,,Sushi VeganNumar flexitarieni vegetarieni orice: 1136 925 -1194,
Bors de tacamuri de pui,Ciulama de ciuperci champignon,Tort olandez,Supa curry,Varza calita cu mamaligut,Negresele cu ov?z ?i sfecl? ro?ie�,,Numar flexitarieni vegetarieni orice: 4496 5553 -9182,
Ciorba ardeleneasca de cartofi cu afumatura,,,,Tofu banh mi,,,Numar flexitarieni vegetarieni orice: 1129 1917 -2179,
Ciorba de fasole,Paste suedeze,Crema de zah?r ars,Supa mexicana de rosi,"Cartofi prajiti, dulci sau albi/rosii",Budinc? cu orez ?i lapte s?n?toas? ?i cu un gust exotic veritabil�,,"somon la gr?tar, un cartof dulce copt ?i fasole verde sotat?."Numar flexitarieni vegetarieni orice: 4866 2215 -6214,
Supa de galusti,Piept de ra?? �n sos de rodii,Papana?ii,Supa crema de legume cu crutoane,mancare de fasole verde,�nghe?at? antistres cu lavand? ?i afine,,Sushi VeganNumar flexitarieni vegetarieni orice: 1650 4429 -5212,
Ciorba ardeleneasca de cartofi cu afumatura,,,,Tofu banh mi,,,Numar flexitarieni vegetarieni orice: 3936 1654 -4723,
Ciorba de macris cu carne de caprioara,Tochitur? de porc,Brazilian Pav�,Ciorba de varza cu cartofi,paste cu legume,gust?rele de migdale cu umplutur? de curmale,,Scrumbie afumata reteta dobrogeanaNumar flexitarieni vegetarieni orice: 4445 3002 -6580,
Ciorba de fasole,Paste suedeze,Crema de zah?r ars,Supa mexicana de rosi,"Cartofi prajiti, dulci sau albi/rosii",Budinc? cu orez ?i lapte s?n?toas? ?i cu un gust exotic veritabil�,,"somon la gr?tar, un cartof dulce copt ?i fasole verde sotat?."Numar flexitarieni vegetarieni orice: 4778 880 -4791,
Supa limpede din oase si rasol de vita,,,,Ostropel cu soia,,,Numar flexitarieni vegetarieni orice: 1578 1626 -2337,
Ciorba a la grec,Maz?re cu pui,Tort de ciocolata,Supa clara cu broccoli,"Orez preparat in stil chinezesc, cu legume",pr?jitur? cu morcov�,,Dovlecei cu ton si rosii cherry la cuptorNumar flexitarieni vegetarieni orice: 3240 2549 -4922,
Bors de tacamuri de pui,Ciulama de ciuperci champignon,Tort olandez,Supa curry,Varza calita cu mamaligut,Negresele cu ov?z ?i sfecl? ro?ie�,,Numar flexitarieni vegetarieni orice: 5121 1717 -5971,
supa/ciorba,Fel principal,desert,supa_veg,fel vegetarian,desert veg,supa_flex, fel flexNumar flexitarieni vegetarieni orice: 1327 2382 -2842,
Supa limpede din oase si rasol de vita,,,,Ostropel cu soia,,,Numar flexitarieni vegetarieni orice: 5260 3401 -7794,
Ciorba de fasole,Paste suedeze,Crema de zah?r ars,Supa mexicana de rosi,"Cartofi prajiti, dulci sau albi/rosii",Budinc? cu orez ?i lapte s?n?toas? ?i cu un gust exotic veritabil�,,"somon la gr?tar, un cartof dulce copt ?i fasole verde sotat?."Numar flexitarieni vegetarieni orice: 5312 3387 -7832,
Supa limpede din oase si rasol de vita,,,,Ostropel cu soia,,,Numar flexitarieni vegetarieni orice: 1277 896 -1306,
Supa de gaina cu taitei,Chiftelu?e �n sos de bere,Prajitura Alba ca Zapada,Supa cu naut si spanac,Pilaf cu legume cu salata verd,Porridge cu m?r ?i cocos f?r? zah?r sau gluten,,Crap la cuptor cu legumeNumar flexitarieni vegetarieni orice: 246 5121 -4500,
Ciorba de macris cu carne de caprioara,Tochitur? de porc,Brazilian Pav�,Ciorba de varza cu cartofi,paste cu legume,gust?rele de migdale cu umplutur? de curmale,,Scrumbie afumata reteta dobrogeanaNumar flexitarieni vegetarieni orice: 5165 1076 -5374,
supa/ciorba,Fel principal,desert,supa_veg,fel vegetarian,desert veg,supa_flex, fel flexNumar flexitarieni vegetarieni orice: 4358 5131 -8622,
Ciorba ardeleneasca de vitel cu smantana,,,,Vinete Saganaki vegane,,,Numar flexitarieni vegetarieni orice: 3047 3485 -5665,
Bors de tacamuri de pui,Ciulama de ciuperci champignon,Tort olandez,Supa curry,Varza calita cu mamaligut,Negresele cu ov?z ?i sfecl? ro?ie�,,Numar flexitarieni vegetarieni orice: 3308 1774 -4215,
Supa de galusti,Piept de ra?? �n sos de rodii,Papana?ii,Supa crema de legume cu crutoane,mancare de fasole verde,�nghe?at? antistres cu lavand? ?i afine,,Sushi VeganNumar flexitarieni vegetarieni orice: 1809 3691 -4633,
Cost total 991196
Ciorba de vacuta,Pui la cuptor cu orez ?i cartofi,Pl?cinta cu mere sau cu dovleac,Ciorba de frunze de sfecla,Falafel,�p?tr??elele cu cacao�,,File de dorada cu cartofi si portocale la cuptorNumar flexitarieni vegetarieni orice: 30 191 646,
Ciorba de perisoare,Cordon Bleu de pui la cuptor, Amandina,Supa de linte cu crutoane,Cartof umplut cu pasta de masline,Brio?e s?n?toase cu morcov (din f?in? de gr�u spelta),supa/ciorba de peste,"�Somon� din tofu cu sparanghel, cartofi fondan?i ?i sos olandez vegan"Numar flexitarieni vegetarieni orice: 798 723 -654,
Ciorba a la grec,Maz?re cu pui,Tort de ciocolata,Supa clara cu broccoli,"Orez preparat in stil chinezesc, cu legume",pr?jitur? cu morcov�,,Dovlecei cu ton si rosii cherry la cuptorNumar flexitarieni vegetarieni orice: 1252 863 -1248,
Supa limpede din oase si rasol de vita,,,,Ostropel cu soia,,,Numar flexitarieni vegetarieni orice: 455 1065 -653,
supa/ciorba,Fel principal,desert,supa_veg,fel vegetarian,desert veg,supa_flex, fel flexNumar flexitarieni vegetarieni orice: 830 97 -60,
Ciorba ardeleneasca de vitel cu smantana,,,,Vinete Saganaki vegane,,,Numar flexitarieni vegetarieni orice: 212 55 600,
Ciorba de macris cu carne de caprioara,Tochitur? de porc,Brazilian Pav�,Ciorba de varza cu cartofi,paste cu legume,gust?rele de migdale cu umplutur? de curmale,,Scrumbie afumata reteta dobrogeanaNumar flexitarieni vegetarieni orice: 562 839 -534,
Supa de gaina cu taitei,Chiftelu?e �n sos de bere,Prajitura Alba ca Zapada,Supa cu naut si spanac,Pilaf cu legume cu salata verd,Porridge cu m?r ?i cocos f?r? zah?r sau gluten,,Crap la cuptor cu legumeNumar flexitarieni vegetarieni orice: 26 755 86,
Ciorba a la grec,Maz?re cu pui,Tort de ciocolata,Supa clara cu broccoli,"Orez preparat in stil chinezesc, cu legume",pr?jitur? cu morcov�,,Dovlecei cu ton si rosii cherry la cuptorNumar flexitarieni vegetarieni orice: 854 377 -364,
Supa limpede din oase si rasol de vita,,,,Ostropel cu soia,,,Numar flexitarieni vegetarieni orice: 140 185 542,
Ciorba de macris cu carne de caprioara,Tochitur? de porc,Brazilian Pav�,Ciorba de varza cu cartofi,paste cu legume,gust?rele de migdale cu umplutur? de curmale,,Scrumbie afumata reteta dobrogeanaNumar flexitarieni vegetarieni orice: 715 1172 -1020,
Ciorba de fasole,Paste suedeze,Crema de zah?r ars,Supa mexicana de rosi,"Cartofi prajiti, dulci sau albi/rosii",Budinc? cu orez ?i lapte s?n?toas? ?i cu un gust exotic veritabil�,,"somon la gr?tar, un cartof dulce copt ?i fasole verde sotat?."Numar flexitarieni vegetarieni orice: 810 756 -699,
Supa limpede din oase si rasol de vita,,,,Ostropel cu soia,,,Numar flexitarieni vegetarieni orice: 351 200 316,
Supa de gaina cu taitei,Chiftelu?e �n sos de bere,Prajitura Alba ca Zapada,Supa cu naut si spanac,Pilaf cu legume cu salata verd,Porridge cu m?r ?i cocos f?r? zah?r sau gluten,,Crap la cuptor cu legumeNumar flexitarieni vegetarieni orice: 798 1068 -999,
Ciorba ardeleneasca de vitel cu smantana,,,,Vinete Saganaki vegane,,,Numar flexitarieni vegetarieni orice: 1072 793 -998,
Supa de gaina cu taitei,Chiftelu?e �n sos de bere,Prajitura Alba ca Zapada,Supa cu naut si spanac,Pilaf cu legume cu salata verd,Porridge cu m?r ?i cocos f?r? zah?r sau gluten,,Crap la cuptor cu legumeNumar flexitarieni vegetarieni orice: 1035 534 -702,
Ciorba radauteana,,,,Quiche vegan f?r? crust?,,Numar flexitarieni vegetarieni orice: 989 1041 -1163,
Ciorba de fasole,Paste suedeze,Crema de zah?r ars,Supa mexicana de rosi,"Cartofi prajiti, dulci sau albi/rosii",Budinc? cu orez ?i lapte s?n?toas? ?i cu un gust exotic veritabil�,,"somon la gr?tar, un cartof dulce copt ?i fasole verde sotat?."Numar flexitarieni vegetarieni orice: 453 114 300,
Supa de gaina cu taitei,Chiftelu?e �n sos de bere,Prajitura Alba ca Zapada,Supa cu naut si spanac,Pilaf cu legume cu salata verd,Porridge cu m?r ?i cocos f?r? zah?r sau gluten,,Crap la cuptor cu legumeNumar flexitarieni vegetarieni orice: 1398 1120 -1651,
Supa de galusti,Piept de ra?? �n sos de rodii,Papana?ii,Supa crema de legume cu crutoane,mancare de fasole verde,�nghe?at? antistres cu lavand? ?i afine,,Sushi VeganNumar flexitarieni vegetarieni orice: 607 1059 -799,
Ciorba de fasole,Paste suedeze,Crema de zah?r ars,Supa mexicana de rosi,"Cartofi prajiti, dulci sau albi/rosii",Budinc? cu orez ?i lapte s?n?toas? ?i cu un gust exotic veritabil�,,"somon la gr?tar, un cartof dulce copt ?i fasole verde sotat?."Numar flexitarieni vegetarieni orice: 1039 1372 -1544,
Ciorba ardeleneasca de vitel cu smantana,,,,Vinete Saganaki vegane,,,Numar flexitarieni vegetarieni orice: 983 1419 -1535,
Ciorba de fasole,Paste suedeze,Crema de zah?r ars,Supa mexicana de rosi,"Cartofi prajiti, dulci sau albi/rosii",Budinc? cu orez ?i lapte s?n?toas? ?i cu un gust exotic veritabil�,,"somon la gr?tar, un cartof dulce copt ?i fasole verde sotat?."Numar flexitarieni vegetarieni orice: 1090 20 -243,
Ciorba de macris cu carne de caprioara,Tochitur? de porc,Brazilian Pav�,Ciorba de varza cu cartofi,paste cu legume,gust?rele de migdale cu umplutur? de curmale,,Scrumbie afumata reteta dobrogeanaNumar flexitarieni vegetarieni orice: 1034 961 -1128,
Bors de tacamuri de pui,Ciulama de ciuperci champignon,Tort olandez,Supa curry,Varza calita cu mamaligut,Negresele cu ov?z ?i sfecl? ro?ie�,,Numar flexitarieni vegetarieni orice: 1252 644 -1029,
Ciorba de perisoare,Cordon Bleu de pui la cuptor, Amandina,Supa de linte cu crutoane,Cartof umplut cu pasta de masline,Brio?e s?n?toase cu morcov (din f?in? de gr�u spelta),supa/ciorba de peste,"�Somon� din tofu cu sparanghel, cartofi fondan?i ?i sos olandez vegan"Numar flexitarieni vegetarieni orice: 1216 616 -965,
Ciorba de perisoare,Cordon Bleu de pui la cuptor, Amandina,Supa de linte cu crutoane,Cartof umplut cu pasta de masline,Brio?e s?n?toase cu morcov (din f?in? de gr�u spelta),supa/ciorba de peste,"�Somon� din tofu cu sparanghel, cartofi fondan?i ?i sos olandez vegan"Numar flexitarieni vegetarieni orice: 1413 874 -1420,
Ciorba a la grec,Maz?re cu pui,Tort de ciocolata,Supa clara cu broccoli,"Orez preparat in stil chinezesc, cu legume",pr?jitur? cu morcov�,,Dovlecei cu ton si rosii cherry la cuptorNumar flexitarieni vegetarieni orice: 320 556 -9,
Bors de tacamuri de pui,Ciulama de ciuperci champignon,Tort olandez,Supa curry,Varza calita cu mamaligut,Negresele cu ov?z ?i sfecl? ro?ie�,,Numar flexitarieni vegetarieni orice: 1443 253 -829,
Supa limpede din oase si rasol de vita,,,,Ostropel cu soia,,,Numar flexitarieni vegetarieni orice: 478 20 369,
Supa de galusti,Piept de ra?? �n sos de rodii,Papana?ii,Supa crema de legume cu crutoane,mancare de fasole verde,�nghe?at? antistres cu lavand? ?i afine,,Sushi VeganNumar flexitarieni vegetarieni orice: 269 224 374,
Ciorba ardeleneasca de cartofi cu afumatura,,,,Tofu banh mi,,,Numar flexitarieni vegetarieni orice: 1363 1253 -1749,
Supa de galusti,Piept de ra?? �n sos de rodii,Papana?ii,Supa crema de legume cu crutoane,mancare de fasole verde,�nghe?at? antistres cu lavand? ?i afine,,Sushi VeganNumar flexitarieni vegetarieni orice: 180 923 -236,
Ciorba de miel,Toc?ni?? de vit? cu ciuperci,�G?lu?tele cu prune,Supa cu ciuperci champignon,Ciuperci la cuptor,Pr?jiturele cu scor?i?oar? ?i ov?z u?or de preparat�,,Chiftelute din pesteNumar flexitarieni vegetarieni orice: 1319 295 -747,
Bors de tacamuri de pui,Ciulama de ciuperci champignon,Tort olandez,Supa curry,Varza calita cu mamaligut,Negresele cu ov?z ?i sfecl? ro?ie�,,Numar flexitarieni vegetarieni orice: 344 435 88,
Ciorba de vacuta,Pui la cuptor cu orez ?i cartofi,Pl?cinta cu mere sau cu dovleac,Ciorba de frunze de sfecla,Falafel,�p?tr??elele cu cacao�,,File de dorada cu cartofi si portocale la cuptorNumar flexitarieni vegetarieni orice: 59 1440 -632,
Ciorba de macris cu carne de caprioara,Tochitur? de porc,Brazilian Pav�,Ciorba de varza cu cartofi,paste cu legume,gust?rele de migdale cu umplutur? de curmale,,Scrumbie afumata reteta dobrogeanaNumar flexitarieni vegetarieni orice: 1104 1050 -1287,
supa/ciorba,Fel principal,desert,supa_veg,fel vegetarian,desert veg,supa_flex, fel flexNumar flexitarieni vegetarieni orice: 179 1361 -673,
Bors de tacamuri de pui,Ciulama de ciuperci champignon,Tort olandez,Supa curry,Varza calita cu mamaligut,Negresele cu ov?z ?i sfecl? ro?ie�,,Numar flexitarieni vegetarieni orice: 1174 220 -527,
Supa de gaina cu taitei,Chiftelu?e �n sos de bere,Prajitura Alba ca Zapada,Supa cu naut si spanac,Pilaf cu legume cu salata verd,Porridge cu m?r ?i cocos f?r? zah?r sau gluten,,Crap la cuptor cu legumeNumar flexitarieni vegetarieni orice: 993 52 -178,
Ciorba ardeleneasca de cartofi cu afumatura,,,,Tofu banh mi,,,Numar flexitarieni vegetarieni orice: 293 646 -72,
Ciorba cu coada de vita (acrita cu zeama de varza),S?rm?lu?e tradi?ionale,Cabane,Supa picanta de dovleac,Tocanita de cartofi cu salata sau muraturi�,"pr?jitur? cu ciocolat? fitness ""Chocaholic""",,Numar flexitarieni vegetarieni orice: 733 464 -330,
Ciorba cu coada de vita (acrita cu zeama de varza),S?rm?lu?e tradi?ionale,Cabane,Supa picanta de dovleac,Tocanita de cartofi cu salata sau muraturi�,"pr?jitur? cu ciocolat? fitness ""Chocaholic""",,Numar flexitarieni vegetarieni orice: 205 263 399,
Ciorba de macris cu carne de caprioara,Tochitur? de porc,Brazilian Pav�,Ciorba de varza cu cartofi,paste cu legume,gust?rele de migdale cu umplutur? de curmale,,Scrumbie afumata reteta dobrogeanaNumar flexitarieni vegetarieni orice: 520 639 -292,
Ciorba de perisoare,Cordon Bleu de pui la cuptor, Amandina,Supa de linte cu crutoane,Cartof umplut cu pasta de masline,Brio?e s?n?toase cu morcov (din f?in? de gr�u spelta),supa/ciorba de peste,"�Somon� din tofu cu sparanghel, cartofi fondan?i ?i sos olandez vegan"Numar flexitarieni vegetarieni orice: 930 1205 -1268,
Cost total 1549036
Supa limpede din oase si rasol de vita,,,,Ostropel cu soia,,,Numar flexitarieni vegetarieni orice: 1638 611 -1382,
Ciorba de vacuta,Pui la cuptor cu orez ?i cartofi,Pl?cinta cu mere sau cu dovleac,Ciorba de frunze de sfecla,Falafel,�p?tr??elele cu cacao�,,File de dorada cu cartofi si portocale la cuptorNumar flexitarieni vegetarieni orice: 1580 4758 -5471,
Supa limpede din oase si rasol de vita,,,,Ostropel cu soia,,,Numar flexitarieni vegetarieni orice: 5526 5641 -10300,
Bors de tacamuri de pui,Ciulama de ciuperci champignon,Tort olandez,Supa curry,Varza calita cu mamaligut,Negresele cu ov?z ?i sfecl? ro?ie�,,Numar flexitarieni vegetarieni orice: 574 2728 -2435,
Ciorba de macris cu carne de caprioara,Tochitur? de porc,Brazilian Pav�,Ciorba de varza cu cartofi,paste cu legume,gust?rele de migdale cu umplutur? de curmale,,Scrumbie afumata reteta dobrogeanaNumar flexitarieni vegetarieni orice: 2973 2734 -4840,
supa/ciorba,Fel principal,desert,supa_veg,fel vegetarian,desert veg,supa_flex, fel flexNumar flexitarieni vegetarieni orice: 1439 1584 -2156,
supa/ciorba,Fel principal,desert,supa_veg,fel vegetarian,desert veg,supa_flex, fel flexNumar flexitarieni vegetarieni orice: 4499 2253 -5885,
Ciorba ardeleneasca de vitel cu smantana,,,,Vinete Saganaki vegane,,,Numar flexitarieni vegetarieni orice: 2050 1274 -2457,
Supa limpede din oase si rasol de vita,,,,Ostropel cu soia,,,Numar flexitarieni vegetarieni orice: 503 1194 -830,
Bors de tacamuri de pui,Ciulama de ciuperci champignon,Tort olandez,Supa curry,Varza calita cu mamaligut,Negresele cu ov?z ?i sfecl? ro?ie�,,Numar flexitarieni vegetarieni orice: 444 4660 -4237,
Supa de galusti,Piept de ra?? �n sos de rodii,Papana?ii,Supa crema de legume cu crutoane,mancare de fasole verde,�nghe?at? antistres cu lavand? ?i afine,,Sushi VeganNumar flexitarieni vegetarieni orice: 1527 4028 -4688,
Bors de tacamuri de pui,Ciulama de ciuperci champignon,Tort olandez,Supa curry,Varza calita cu mamaligut,Negresele cu ov?z ?i sfecl? ro?ie�,,Numar flexitarieni vegetarieni orice: 67 2560 -1760,
Supa de gaina cu taitei,Chiftelu?e �n sos de bere,Prajitura Alba ca Zapada,Supa cu naut si spanac,Pilaf cu legume cu salata verd,Porridge cu m?r ?i cocos f?r? zah?r sau gluten,,Crap la cuptor cu legumeNumar flexitarieni vegetarieni orice: 1326 4745 -5204,
Supa de gaina cu taitei,Chiftelu?e �n sos de bere,Prajitura Alba ca Zapada,Supa cu naut si spanac,Pilaf cu legume cu salata verd,Porridge cu m?r ?i cocos f?r? zah?r sau gluten,,Crap la cuptor cu legumeNumar flexitarieni vegetarieni orice: 4322 5811 -9266,
Ciorba ardeleneasca de vitel cu smantana,,,,Vinete Saganaki vegane,,,Numar flexitarieni vegetarieni orice: 3938 2100 -5171,
Ciorba de miel,Toc?ni?? de vit? cu ciuperci,�G?lu?tele cu prune,Supa cu ciuperci champignon,Ciuperci la cuptor,Pr?jiturele cu scor?i?oar? ?i ov?z u?or de preparat�,,Chiftelute din pesteNumar flexitarieni vegetarieni orice: 2188 2730 -4051,
Ciorba de perisoare,Cordon Bleu de pui la cuptor, Amandina,Supa de linte cu crutoane,Cartof umplut cu pasta de masline,Brio?e s?n?toase cu morcov (din f?in? de gr�u spelta),supa/ciorba de peste,"�Somon� din tofu cu sparanghel, cartofi fondan?i ?i sos olandez vegan"Numar flexitarieni vegetarieni orice: 395 4675 -4203,
Ciorba ardeleneasca de cartofi cu afumatura,,,,Tofu banh mi,,,Numar flexitarieni vegetarieni orice: 5007 30 -4170,
Bors de tacamuri de pui,Ciulama de ciuperci champignon,Tort olandez,Supa curry,Varza calita cu mamaligut,Negresele cu ov?z ?i sfecl? ro?ie�,,Numar flexitarieni vegetarieni orice: 3375 4705 -7213,
Ciorba ardeleneasca de vitel cu smantana,,,,Vinete Saganaki vegane,,,Numar flexitarieni vegetarieni orice: 2085 5151 -6369,
Supa limpede din oase si rasol de vita,,,,Ostropel cu soia,,,Numar flexitarieni vegetarieni orice: 2061 61 -1255,
Ciorba ardeleneasca de cartofi cu afumatura,,,,Tofu banh mi,,,Numar flexitarieni vegetarieni orice: 3204 861 -3198,
Ciorba radauteana,,,,Quiche vegan f?r? crust?,,Numar flexitarieni vegetarieni orice: 741 3266 -3140,
Supa limpede din oase si rasol de vita,,,,Ostropel cu soia,,,Numar flexitarieni vegetarieni orice: 2763 1525 -3421,
Ciorba de macris cu carne de caprioara,Tochitur? de porc,Brazilian Pav�,Ciorba de varza cu cartofi,paste cu legume,gust?rele de migdale cu umplutur? de curmale,,Scrumbie afumata reteta dobrogeanaNumar flexitarieni vegetarieni orice: 5364 1128 -5625,
Ciorba cu coada de vita (acrita cu zeama de varza),S?rm?lu?e tradi?ionale,Cabane,Supa picanta de dovleac,Tocanita de cartofi cu salata sau muraturi�,"pr?jitur? cu ciocolat? fitness ""Chocaholic""",,Numar flexitarieni vegetarieni orice: 4483 668 -4284,
Ciorba radauteana,,,,Quiche vegan f?r? crust?,,Numar flexitarieni vegetarieni orice: 1986 1449 -2568,
Supa limpede din oase si rasol de vita,,,,Ostropel cu soia,,,Numar flexitarieni vegetarieni orice: 4580 4763 -8476,
Ciorba ardeleneasca de vitel cu smantana,,,,Vinete Saganaki vegane,,,Numar flexitarieni vegetarieni orice: 592 5679 -5404,
Ciorba a la grec,Maz?re cu pui,Tort de ciocolata,Supa clara cu broccoli,"Orez preparat in stil chinezesc, cu legume",pr?jitur? cu morcov�,,Dovlecei cu ton si rosii cherry la cuptorNumar flexitarieni vegetarieni orice: 5290 3745 -8168,
Ciorba de fasole,Paste suedeze,Crema de zah?r ars,Supa mexicana de rosi,"Cartofi prajiti, dulci sau albi/rosii",Budinc? cu orez ?i lapte s?n?toas? ?i cu un gust exotic veritabil�,,"somon la gr?tar, un cartof dulce copt ?i fasole verde sotat?."Numar flexitarieni vegetarieni orice: 2495 4355 -5983,
Ciorba ardeleneasca de vitel cu smantana,,,,Vinete Saganaki vegane,,,Numar flexitarieni vegetarieni orice: 5543 308 -4984,
Ciorba de miel,Toc?ni?? de vit? cu ciuperci,�G?lu?tele cu prune,Supa cu ciuperci champignon,Ciuperci la cuptor,Pr?jiturele cu scor?i?oar? ?i ov?z u?or de preparat�,,Chiftelute din pesteNumar flexitarieni vegetarieni orice: 5685 2219 -7037,
Bors de tacamuri de pui,Ciulama de ciuperci champignon,Tort olandez,Supa curry,Varza calita cu mamaligut,Negresele cu ov?z ?i sfecl? ro?ie�,,Numar flexitarieni vegetarieni orice: 1232 4013 -4378,
Ciorba de perisoare,Cordon Bleu de pui la cuptor, Amandina,Supa de linte cu crutoane,Cartof umplut cu pasta de masline,Brio?e s?n?toase cu morcov (din f?in? de gr�u spelta),supa/ciorba de peste,"�Somon� din tofu cu sparanghel, cartofi fondan?i ?i sos olandez vegan"Numar flexitarieni vegetarieni orice: 1342 602 -1077,
Bors de tacamuri de pui,Ciulama de ciuperci champignon,Tort olandez,Supa curry,Varza calita cu mamaligut,Negresele cu ov?z ?i sfecl? ro?ie�,,Numar flexitarieni vegetarieni orice: 1772 581 -1486,
Supa limpede din oase si rasol de vita,,,,Ostropel cu soia,,,Numar flexitarieni vegetarieni orice: 850 3577 -3560,
Ciorba a la grec,Maz?re cu pui,Tort de ciocolata,Supa clara cu broccoli,"Orez preparat in stil chinezesc, cu legume",pr?jitur? cu morcov�,,Dovlecei cu ton si rosii cherry la cuptorNumar flexitarieni vegetarieni orice: 1707 127 -967,
Supa de galusti,Piept de ra?? �n sos de rodii,Papana?ii,Supa crema de legume cu crutoane,mancare de fasole verde,�nghe?at? antistres cu lavand? ?i afine,,Sushi VeganNumar flexitarieni vegetarieni orice: 1912 3223 -4268,
Ciorba de macris cu carne de caprioara,Tochitur? de porc,Brazilian Pav�,Ciorba de varza cu cartofi,paste cu legume,gust?rele de migdale cu umplutur? de curmale,,Scrumbie afumata reteta dobrogeanaNumar flexitarieni vegetarieni orice: 1969 2334 -3436,
Supa limpede din oase si rasol de vita,,,,Ostropel cu soia,,,Numar flexitarieni vegetarieni orice: 3690 173 -2996,
Ciorba ardeleneasca de cartofi cu afumatura,,,,Tofu banh mi,,,Numar flexitarieni vegetarieni orice: 4123 2716 -5972,
Ciorba de vacuta,Pui la cuptor cu orez ?i cartofi,Pl?cinta cu mere sau cu dovleac,Ciorba de frunze de sfecla,Falafel,�p?tr??elele cu cacao�,,File de dorada cu cartofi si portocale la cuptorNumar flexitarieni vegetarieni orice: 4703 806 -4642,
Supa de gaina cu taitei,Chiftelu?e �n sos de bere,Prajitura Alba ca Zapada,Supa cu naut si spanac,Pilaf cu legume cu salata verd,Porridge cu m?r ?i cocos f?r? zah?r sau gluten,,Crap la cuptor cu legumeNumar flexitarieni vegetarieni orice: 5387 3092 -7612,
Ciorba a la grec,Maz?re cu pui,Tort de ciocolata,Supa clara cu broccoli,"Orez preparat in stil chinezesc, cu legume",pr?jitur? cu morcov�,,Dovlecei cu ton si rosii cherry la cuptorNumar flexitarieni vegetarieni orice: 4649 1713 -5495,
Cost total 1483382
Ciorba cu coada de vita (acrita cu zeama de varza),S?rm?lu?e tradi?ionale,Cabane,Supa picanta de dovleac,Tocanita de cartofi cu salata sau muraturi�,"pr?jitur? cu ciocolat? fitness ""Chocaholic""",,Numar flexitarieni vegetarieni orice: 1226 863 -1222,
Bors de tacamuri de pui,Ciulama de ciuperci champignon,Tort olandez,Supa curry,Varza calita cu mamaligut,Negresele cu ov?z ?i sfecl? ro?ie�,,Numar flexitarieni vegetarieni orice: 211 1367 -711,
Ciorba ardeleneasca de vitel cu smantana,,,,Vinete Saganaki vegane,,,Numar flexitarieni vegetarieni orice: 1244 601 -978,
Bors de tacamuri de pui,Ciulama de ciuperci champignon,Tort olandez,Supa curry,Varza calita cu mamaligut,Negresele cu ov?z ?i sfecl? ro?ie�,,Numar flexitarieni vegetarieni orice: 549 564 -246,
Ciorba radauteana,,,,Quiche vegan f?r? crust?,,Numar flexitarieni vegetarieni orice: 402 96 369,
Ciorba de vacuta,Pui la cuptor cu orez ?i cartofi,Pl?cinta cu mere sau cu dovleac,Ciorba de frunze de sfecla,Falafel,�p?tr??elele cu cacao�,,File de dorada cu cartofi si portocale la cuptorNumar flexitarieni vegetarieni orice: 96 441 330,
Ciorba ardeleneasca de vitel cu smantana,,,,Vinete Saganaki vegane,,,Numar flexitarieni vegetarieni orice: 536 848 -517,
Supa de galusti,Piept de ra?? �n sos de rodii,Papana?ii,Supa crema de legume cu crutoane,mancare de fasole verde,�nghe?at? antistres cu lavand? ?i afine,,Sushi VeganNumar flexitarieni vegetarieni orice: 353 1159 -645,
Ciorba ardeleneasca de cartofi cu afumatura,,,,Tofu banh mi,,,Numar flexitarieni vegetarieni orice: 116 1123 -372,
Ciorba de macris cu carne de caprioara,Tochitur? de porc,Brazilian Pav�,Ciorba de varza cu cartofi,paste cu legume,gust?rele de migdale cu umplutur? de curmale,,Scrumbie afumata reteta dobrogeanaNumar flexitarieni vegetarieni orice: 952 365 -450,
Ciorba de fasole,Paste suedeze,Crema de zah?r ars,Supa mexicana de rosi,"Cartofi prajiti, dulci sau albi/rosii",Budinc? cu orez ?i lapte s?n?toas? ?i cu un gust exotic veritabil�,,"somon la gr?tar, un cartof dulce copt ?i fasole verde sotat?."Numar flexitarieni vegetarieni orice: 1177 49 -359,
Ciorba radauteana,,,,Quiche vegan f?r? crust?,,Numar flexitarieni vegetarieni orice: 1243 387 -763,
Bors de tacamuri de pui,Ciulama de ciuperci champignon,Tort olandez,Supa curry,Varza calita cu mamaligut,Negresele cu ov?z ?i sfecl? ro?ie�,,Numar flexitarieni vegetarieni orice: 499 1323 -955,
Supa de galusti,Piept de ra?? �n sos de rodii,Papana?ii,Supa crema de legume cu crutoane,mancare de fasole verde,�nghe?at? antistres cu lavand? ?i afine,,Sushi VeganNumar flexitarieni vegetarieni orice: 577 1270 -980,
Ciorba de fasole,Paste suedeze,Crema de zah?r ars,Supa mexicana de rosi,"Cartofi prajiti, dulci sau albi/rosii",Budinc? cu orez ?i lapte s?n?toas? ?i cu un gust exotic veritabil�,,"somon la gr?tar, un cartof dulce copt ?i fasole verde sotat?."Numar flexitarieni vegetarieni orice: 954 740 -827,
Ciorba ardeleneasca de vitel cu smantana,,,,Vinete Saganaki vegane,,,Numar flexitarieni vegetarieni orice: 867 422 -422,
Supa de gaina cu taitei,Chiftelu?e �n sos de bere,Prajitura Alba ca Zapada,Supa cu naut si spanac,Pilaf cu legume cu salata verd,Porridge cu m?r ?i cocos f?r? zah?r sau gluten,,Crap la cuptor cu legumeNumar flexitarieni vegetarieni orice: 545 642 -320,
Ciorba de fasole,Paste suedeze,Crema de zah?r ars,Supa mexicana de rosi,"Cartofi prajiti, dulci sau albi/rosii",Budinc? cu orez ?i lapte s?n?toas? ?i cu un gust exotic veritabil�,,"somon la gr?tar, un cartof dulce copt ?i fasole verde sotat?."Numar flexitarieni vegetarieni orice: 647 515 -295,
Ciorba de macris cu carne de caprioara,Tochitur? de porc,Brazilian Pav�,Ciorba de varza cu cartofi,paste cu legume,gust?rele de migdale cu umplutur? de curmale,,Scrumbie afumata reteta dobrogeanaNumar flexitarieni vegetarieni orice: 1302 329 -764,
Ciorba de miel,Toc?ni?? de vit? cu ciuperci,�G?lu?tele cu prune,Supa cu ciuperci champignon,Ciuperci la cuptor,Pr?jiturele cu scor?i?oar? ?i ov?z u?or de preparat�,,Chiftelute din pesteNumar flexitarieni vegetarieni orice: 611 1053 -797,
Ciorba radauteana,,,,Quiche vegan f?r? crust?,,Numar flexitarieni vegetarieni orice: 3 539 325,
Ciorba de fasole,Paste suedeze,Crema de zah?r ars,Supa mexicana de rosi,"Cartofi prajiti, dulci sau albi/rosii",Budinc? cu orez ?i lapte s?n?toas? ?i cu un gust exotic veritabil�,,"somon la gr?tar, un cartof dulce copt ?i fasole verde sotat?."Numar flexitarieni vegetarieni orice: 717 80 70,
Bors de tacamuri de pui,Ciulama de ciuperci champignon,Tort olandez,Supa curry,Varza calita cu mamaligut,Negresele cu ov?z ?i sfecl? ro?ie�,,Numar flexitarieni vegetarieni orice: 836 388 -357,
Ciorba de fasole,Paste suedeze,Crema de zah?r ars,Supa mexicana de rosi,"Cartofi prajiti, dulci sau albi/rosii",Budinc? cu orez ?i lapte s?n?toas? ?i cu un gust exotic veritabil�,,"somon la gr?tar, un cartof dulce copt ?i fasole verde sotat?."Numar flexitarieni vegetarieni orice: 876 1279 -1288,
Ciorba de perisoare,Cordon Bleu de pui la cuptor, Amandina,Supa de linte cu crutoane,Cartof umplut cu pasta de masline,Brio?e s?n?toase cu morcov (din f?in? de gr�u spelta),supa/ciorba de peste,"�Somon� din tofu cu sparanghel, cartofi fondan?i ?i sos olandez vegan"Numar flexitarieni vegetarieni orice: 1468 622 -1223,
Ciorba a la grec,Maz?re cu pui,Tort de ciocolata,Supa clara cu broccoli,"Orez preparat in stil chinezesc, cu legume",pr?jitur? cu morcov�,,Dovlecei cu ton si rosii cherry la cuptorNumar flexitarieni vegetarieni orice: 938 42 -113,
Ciorba de perisoare,Cordon Bleu de pui la cuptor, Amandina,Supa de linte cu crutoane,Cartof umplut cu pasta de masline,Brio?e s?n?toase cu morcov (din f?in? de gr�u spelta),supa/ciorba de peste,"�Somon� din tofu cu sparanghel, cartofi fondan?i ?i sos olandez vegan"Numar flexitarieni vegetarieni orice: 503 1003 -639,
Supa de gaina cu taitei,Chiftelu?e �n sos de bere,Prajitura Alba ca Zapada,Supa cu naut si spanac,Pilaf cu legume cu salata verd,Porridge cu m?r ?i cocos f?r? zah?r sau gluten,,Crap la cuptor cu legumeNumar flexitarieni vegetarieni orice: 1040 1317 -1490,
Bors de tacamuri de pui,Ciulama de ciuperci champignon,Tort olandez,Supa curry,Varza calita cu mamaligut,Negresele cu ov?z ?i sfecl? ro?ie�,,Numar flexitarieni vegetarieni orice: 527 1040 -700,
Ciorba radauteana,,,,Quiche vegan f?r? crust?,,Numar flexitarieni vegetarieni orice: 290 1267 -690,
Ciorba de vacuta,Pui la cuptor cu orez ?i cartofi,Pl?cinta cu mere sau cu dovleac,Ciorba de frunze de sfecla,Falafel,�p?tr??elele cu cacao�,,File de dorada cu cartofi si portocale la cuptorNumar flexitarieni vegetarieni orice: 1347 260 -740,
Supa de galusti,Piept de ra?? �n sos de rodii,Papana?ii,Supa crema de legume cu crutoane,mancare de fasole verde,�nghe?at? antistres cu lavand? ?i afine,,Sushi VeganNumar flexitarieni vegetarieni orice: 428 312 127,
Supa limpede din oase si rasol de vita,,,,Ostropel cu soia,,,Numar flexitarieni vegetarieni orice: 983 61 -177,
Bors de tacamuri de pui,Ciulama de ciuperci champignon,Tort olandez,Supa curry,Varza calita cu mamaligut,Negresele cu ov?z ?i sfecl? ro?ie�,,Numar flexitarieni vegetarieni orice: 0 1025 -158,
Ciorba ardeleneasca de cartofi cu afumatura,,,,Tofu banh mi,,,Numar flexitarieni vegetarieni orice: 1026 1168 -1327,
Ciorba de miel,Toc?ni?? de vit? cu ciuperci,�G?lu?tele cu prune,Supa cu ciuperci champignon,Ciuperci la cuptor,Pr?jiturele cu scor?i?oar? ?i ov?z u?or de preparat�,,Chiftelute din pesteNumar flexitarieni vegetarieni orice: 1465 458 -1056,
Supa de gaina cu taitei,Chiftelu?e �n sos de bere,Prajitura Alba ca Zapada,Supa cu naut si spanac,Pilaf cu legume cu salata verd,Porridge cu m?r ?i cocos f?r? zah?r sau gluten,,Crap la cuptor cu legumeNumar flexitarieni vegetarieni orice: 155 508 204,
Ciorba de macris cu carne de caprioara,Tochitur? de porc,Brazilian Pav�,Ciorba de varza cu cartofi,paste cu legume,gust?rele de migdale cu umplutur? de curmale,,Scrumbie afumata reteta dobrogeanaNumar flexitarieni vegetarieni orice: 871 866 -870,
Ciorba radauteana,,,,Quiche vegan f?r? crust?,,Numar flexitarieni vegetarieni orice: 727 1007 -867,
Ciorba ardeleneasca de cartofi cu afumatura,,,,Tofu banh mi,,,Numar flexitarieni vegetarieni orice: 80 626 161,
Ciorba de miel,Toc?ni?? de vit? cu ciuperci,�G?lu?tele cu prune,Supa cu ciuperci champignon,Ciuperci la cuptor,Pr?jiturele cu scor?i?oar? ?i ov?z u?or de preparat�,,Chiftelute din pesteNumar flexitarieni vegetarieni orice: 124 1388 -645,
Ciorba a la grec,Maz?re cu pui,Tort de ciocolata,Supa clara cu broccoli,"Orez preparat in stil chinezesc, cu legume",pr?jitur? cu morcov�,,Dovlecei cu ton si rosii cherry la cuptorNumar flexitarieni vegetarieni orice: 536 486 -155,
Ciorba a la grec,Maz?re cu pui,Tort de ciocolata,Supa clara cu broccoli,"Orez preparat in stil chinezesc, cu legume",pr?jitur? cu morcov�,,Dovlecei cu ton si rosii cherry la cuptorNumar flexitarieni vegetarieni orice: 1302 1163 -1598,
Supa de gaina cu taitei,Chiftelu?e �n sos de bere,Prajitura Alba ca Zapada,Supa cu naut si spanac,Pilaf cu legume cu salata verd,Porridge cu m?r ?i cocos f?r? zah?r sau gluten,,Crap la cuptor cu legumeNumar flexitarieni vegetarieni orice: 1422 202 -757,
Bors de tacamuri de pui,Ciulama de ciuperci champignon,Tort olandez,Supa curry,Varza calita cu mamaligut,Negresele cu ov?z ?i sfecl? ro?ie�,,Numar flexitarieni vegetarieni orice: 215 173 479,
Supa de galusti,Piept de ra?? �n sos de rodii,Papana?ii,Supa crema de legume cu crutoane,mancare de fasole verde,�nghe?at? antistres cu lavand? ?i afine,,Sushi VeganNumar flexitarieni vegetarieni orice: 134 516 217,
Supa de galusti,Piept de ra?? �n sos de rodii,Papana?ii,Supa crema de legume cu crutoane,mancare de fasole verde,�nghe?at? antistres cu lavand? ?i afine,,Sushi VeganNumar flexitarieni vegetarieni orice: 1029 225 -387,
Bors de tacamuri de pui,Ciulama de ciuperci champignon,Tort olandez,Supa curry,Varza calita cu mamaligut,Negresele cu ov?z ?i sfecl? ro?ie�,,Numar flexitarieni vegetarieni orice: 1464 987 -1584,
Bors de tacamuri de pui,Ciulama de ciuperci champignon,Tort olandez,Supa curry,Varza calita cu mamaligut,Negresele cu ov?z ?i sfecl? ro?ie�,,Numar flexitarieni vegetarieni orice: 1069 845 -1047,
Supa de gaina cu taitei,Chiftelu?e �n sos de bere,Prajitura Alba ca Zapada,Supa cu naut si spanac,Pilaf cu legume cu salata verd,Porridge cu m?r ?i cocos f?r? zah?r sau gluten,,Crap la cuptor cu legumeNumar flexitarieni vegetarieni orice: 1387 1172 -1692,
Ciorba ardeleneasca de vitel cu smantana,,,,Vinete Saganaki vegane,,,Numar flexitarieni vegetarieni orice: 1289 293 -715,
Ciorba de miel,Toc?ni?? de vit? cu ciuperci,�G?lu?tele cu prune,Supa cu ciuperci champignon,Ciuperci la cuptor,Pr?jiturele cu scor?i?oar? ?i ov?z u?or de preparat�,,Chiftelute din pesteNumar flexitarieni vegetarieni orice: 1019 1348 -1500,
Ciorba de perisoare,Cordon Bleu de pui la cuptor, Amandina,Supa de linte cu crutoane,Cartof umplut cu pasta de masline,Brio?e s?n?toase cu morcov (din f?in? de gr�u spelta),supa/ciorba de peste,"�Somon� din tofu cu sparanghel, cartofi fondan?i ?i sos olandez vegan"Numar flexitarieni vegetarieni orice: 36 260 571,
Ciorba de macris cu carne de caprioara,Tochitur? de porc,Brazilian Pav�,Ciorba de varza cu cartofi,paste cu legume,gust?rele de migdale cu umplutur? de curmale,,Scrumbie afumata reteta dobrogeanaNumar flexitarieni vegetarieni orice: 675 145 47,
Ciorba de vacuta,Pui la cuptor cu orez ?i cartofi,Pl?cinta cu mere sau cu dovleac,Ciorba de frunze de sfecla,Falafel,�p?tr??elele cu cacao�,,File de dorada cu cartofi si portocale la cuptorNumar flexitarieni vegetarieni orice: 814 855 -802,
Ciorba cu coada de vita (acrita cu zeama de varza),S?rm?lu?e tradi?ionale,Cabane,Supa picanta de dovleac,Tocanita de cartofi cu salata sau muraturi�,"pr?jitur? cu ciocolat? fitness ""Chocaholic""",,Numar flexitarieni vegetarieni orice: 663 1328 -1124,
Ciorba ardeleneasca de cartofi cu afumatura,,,,Tofu banh mi,,,Numar flexitarieni vegetarieni orice: 1401 305 -839,
Supa de gaina cu taitei,Chiftelu?e �n sos de bere,Prajitura Alba ca Zapada,Supa cu naut si spanac,Pilaf cu legume cu salata verd,Porridge cu m?r ?i cocos f?r? zah?r sau gluten,,Crap la cuptor cu legumeNumar flexitarieni vegetarieni orice: 776 89 2,
Bors de tacamuri de pui,Ciulama de ciuperci champignon,Tort olandez,Supa curry,Varza calita cu mamaligut,Negresele cu ov?z ?i sfecl? ro?ie�,,Numar flexitarieni vegetarieni orice: 843 698 -674,
Ciorba de miel,Toc?ni?? de vit? cu ciuperci,�G?lu?tele cu prune,Supa cu ciuperci champignon,Ciuperci la cuptor,Pr?jiturele cu scor?i?oar? ?i ov?z u?or de preparat�,,Chiftelute din pesteNumar flexitarieni vegetarieni orice: 1355 60 -548,
Cost total 2072499
Ciorba ardeleneasca de cartofi cu afumatura,,,,Tofu banh mi,,,Numar flexitarieni vegetarieni orice: 2339 855 -2327,
Ciorba ardeleneasca de vitel cu smantana,,,,Vinete Saganaki vegane,,,Numar flexitarieni vegetarieni orice: 3134 4964 -7231,
Ciorba ardeleneasca de cartofi cu afumatura,,,,Tofu banh mi,,,Numar flexitarieni vegetarieni orice: 3846 1653 -4632,
Ciorba de miel,Toc?ni?? de vit? cu ciuperci,�G?lu?tele cu prune,Supa cu ciuperci champignon,Ciuperci la cuptor,Pr?jiturele cu scor?i?oar? ?i ov?z u?or de preparat�,,Chiftelute din pesteNumar flexitarieni vegetarieni orice: 1011 1998 -2142,
Supa limpede din oase si rasol de vita,,,,Ostropel cu soia,,,Numar flexitarieni vegetarieni orice: 3637 1983 -4753,
Ciorba de vacuta,Pui la cuptor cu orez ?i cartofi,Pl?cinta cu mere sau cu dovleac,Ciorba de frunze de sfecla,Falafel,�p?tr??elele cu cacao�,,File de dorada cu cartofi si portocale la cuptorNumar flexitarieni vegetarieni orice: 3374 6227 -8734,
Supa limpede din oase si rasol de vita,,,,Ostropel cu soia,,,Numar flexitarieni vegetarieni orice: 2775 2812 -4720,
Ciorba de fasole,Paste suedeze,Crema de zah?r ars,Supa mexicana de rosi,"Cartofi prajiti, dulci sau albi/rosii",Budinc? cu orez ?i lapte s?n?toas? ?i cu un gust exotic veritabil�,,"somon la gr?tar, un cartof dulce copt ?i fasole verde sotat?."Numar flexitarieni vegetarieni orice: 914 6437 -6484,
Ciorba ardeleneasca de cartofi cu afumatura,,,,Tofu banh mi,,,Numar flexitarieni vegetarieni orice: 958 2739 -2830,
Ciorba ardeleneasca de cartofi cu afumatura,,,,Tofu banh mi,,,Numar flexitarieni vegetarieni orice: 5936 4960 -10029,
Ciorba a la grec,Maz?re cu pui,Tort de ciocolata,Supa clara cu broccoli,"Orez preparat in stil chinezesc, cu legume",pr?jitur? cu morcov�,,Dovlecei cu ton si rosii cherry la cuptorNumar flexitarieni vegetarieni orice: 1178 2278 -2589,
Bors de tacamuri de pui,Ciulama de ciuperci champignon,Tort olandez,Supa curry,Varza calita cu mamaligut,Negresele cu ov?z ?i sfecl? ro?ie�,,Numar flexitarieni vegetarieni orice: 3850 6361 -9344,
Supa de galusti,Piept de ra?? �n sos de rodii,Papana?ii,Supa crema de legume cu crutoane,mancare de fasole verde,�nghe?at? antistres cu lavand? ?i afine,,Sushi VeganNumar flexitarieni vegetarieni orice: 6537 3281 -8951,
Supa de galusti,Piept de ra?? �n sos de rodii,Papana?ii,Supa crema de legume cu crutoane,mancare de fasole verde,�nghe?at? antistres cu lavand? ?i afine,,Sushi VeganNumar flexitarieni vegetarieni orice: 7190 1995 -8318,
Supa de galusti,Piept de ra?? �n sos de rodii,Papana?ii,Supa crema de legume cu crutoane,mancare de fasole verde,�nghe?at? antistres cu lavand? ?i afine,,Sushi VeganNumar flexitarieni vegetarieni orice: 4848 2889 -6870,
Ciorba de miel,Toc?ni?? de vit? cu ciuperci,�G?lu?tele cu prune,Supa cu ciuperci champignon,Ciuperci la cuptor,Pr?jiturele cu scor?i?oar? ?i ov?z u?or de preparat�,,Chiftelute din pesteNumar flexitarieni vegetarieni orice: 6095 3822 -9050,
Ciorba cu coada de vita (acrita cu zeama de varza),S?rm?lu?e tradi?ionale,Cabane,Supa picanta de dovleac,Tocanita de cartofi cu salata sau muraturi�,"pr?jitur? cu ciocolat? fitness ""Chocaholic""",,Numar flexitarieni vegetarieni orice: 3341 5320 -7794,
Ciorba ardeleneasca de vitel cu smantana,,,,Vinete Saganaki vegane,,,Numar flexitarieni vegetarieni orice: 2071 1187 -2391,
Ciorba radauteana,,,,Quiche vegan f?r? crust?,,Numar flexitarieni vegetarieni orice: 2179 288 -1600,
Ciorba de vacuta,Pui la cuptor cu orez ?i cartofi,Pl?cinta cu mere sau cu dovleac,Ciorba de frunze de sfecla,Falafel,�p?tr??elele cu cacao�,,File de dorada cu cartofi si portocale la cuptorNumar flexitarieni vegetarieni orice: 7166 6652 -12951,
Ciorba ardeleneasca de cartofi cu afumatura,,,,Tofu banh mi,,,Numar flexitarieni vegetarieni orice: 2634 6561 -8328,
Ciorba ardeleneasca de vitel cu smantana,,,,Vinete Saganaki vegane,,,Numar flexitarieni vegetarieni orice: 2774 3118 -5025,
Ciorba radauteana,,,,Quiche vegan f?r? crust?,,Numar flexitarieni vegetarieni orice: 3731 229 -3093,
Ciorba de perisoare,Cordon Bleu de pui la cuptor, Amandina,Supa de linte cu crutoane,Cartof umplut cu pasta de masline,Brio?e s?n?toase cu morcov (din f?in? de gr�u spelta),supa/ciorba de peste,"�Somon� din tofu cu sparanghel, cartofi fondan?i ?i sos olandez vegan"Numar flexitarieni vegetarieni orice: 2926 3394 -5453,
Ciorba radauteana,,,,Quiche vegan f?r? crust?,,Numar flexitarieni vegetarieni orice: 101 5626 -4860,
Supa limpede din oase si rasol de vita,,,,Ostropel cu soia,,,Numar flexitarieni vegetarieni orice: 2350 2125 -3608,
supa/ciorba,Fel principal,desert,supa_veg,fel vegetarian,desert veg,supa_flex, fel flexNumar flexitarieni vegetarieni orice: 465 3628 -3226,
Ciorba ardeleneasca de cartofi cu afumatura,,,,Tofu banh mi,,,Numar flexitarieni vegetarieni orice: 3212 4800 -7145,
supa/ciorba,Fel principal,desert,supa_veg,fel vegetarian,desert veg,supa_flex, fel flexNumar flexitarieni vegetarieni orice: 3497 6293 -8923,
Ciorba cu coada de vita (acrita cu zeama de varza),S?rm?lu?e tradi?ionale,Cabane,Supa picanta de dovleac,Tocanita de cartofi cu salata sau muraturi�,"pr?jitur? cu ciocolat? fitness ""Chocaholic""",,Numar flexitarieni vegetarieni orice: 826 40 1,
Ciorba de fasole,Paste suedeze,Crema de zah?r ars,Supa mexicana de rosi,"Cartofi prajiti, dulci sau albi/rosii",Budinc? cu orez ?i lapte s?n?toas? ?i cu un gust exotic veritabil�,,"somon la gr?tar, un cartof dulce copt ?i fasole verde sotat?."Numar flexitarieni vegetarieni orice: 3837 1623 -4593,
supa/ciorba,Fel principal,desert,supa_veg,fel vegetarian,desert veg,supa_flex, fel flexNumar flexitarieni vegetarieni orice: 75 1170 -378,
Ciorba ardeleneasca de vitel cu smantana,,,,Vinete Saganaki vegane,,,Numar flexitarieni vegetarieni orice: 72 3066 -2271,
Bors de tacamuri de pui,Ciulama de ciuperci champignon,Tort olandez,Supa curry,Varza calita cu mamaligut,Negresele cu ov?z ?i sfecl? ro?ie�,,Numar flexitarieni vegetarieni orice: 124 1617 -874,
Ciorba ardeleneasca de vitel cu smantana,,,,Vinete Saganaki vegane,,,Numar flexitarieni vegetarieni orice: 1471 6168 -6772,
Ciorba radauteana,,,,Quiche vegan f?r? crust?,,Numar flexitarieni vegetarieni orice: 125 49 693,
Supa limpede din oase si rasol de vita,,,,Ostropel cu soia,,,Numar flexitarieni vegetarieni orice: 6857 795 -6785,
Ciorba de vacuta,Pui la cuptor cu orez ?i cartofi,Pl?cinta cu mere sau cu dovleac,Ciorba de frunze de sfecla,Falafel,�p?tr??elele cu cacao�,,File de dorada cu cartofi si portocale la cuptorNumar flexitarieni vegetarieni orice: 2479 3293 -4905,
Supa de gaina cu taitei,Chiftelu?e �n sos de bere,Prajitura Alba ca Zapada,Supa cu naut si spanac,Pilaf cu legume cu salata verd,Porridge cu m?r ?i cocos f?r? zah?r sau gluten,,Crap la cuptor cu legumeNumar flexitarieni vegetarieni orice: 2395 3252 -4780,
Bors de tacamuri de pui,Ciulama de ciuperci champignon,Tort olandez,Supa curry,Varza calita cu mamaligut,Negresele cu ov?z ?i sfecl? ro?ie�,,Numar flexitarieni vegetarieni orice: 243 6795 -6171,
Ciorba de miel,Toc?ni?? de vit? cu ciuperci,�G?lu?tele cu prune,Supa cu ciuperci champignon,Ciuperci la cuptor,Pr?jiturele cu scor?i?oar? ?i ov?z u?or de preparat�,,Chiftelute din pesteNumar flexitarieni vegetarieni orice: 1959 4190 -5282,
Ciorba de vacuta,Pui la cuptor cu orez ?i cartofi,Pl?cinta cu mere sau cu dovleac,Ciorba de frunze de sfecla,Falafel,�p?tr??elele cu cacao�,,File de dorada cu cartofi si portocale la cuptorNumar flexitarieni vegetarieni orice: 1249 4481 -4863,
Ciorba de vacuta,Pui la cuptor cu orez ?i cartofi,Pl?cinta cu mere sau cu dovleac,Ciorba de frunze de sfecla,Falafel,�p?tr??elele cu cacao�,,File de dorada cu cartofi si portocale la cuptorNumar flexitarieni vegetarieni orice: 2038 3302 -4473,
Supa de gaina cu taitei,Chiftelu?e �n sos de bere,Prajitura Alba ca Zapada,Supa cu naut si spanac,Pilaf cu legume cu salata verd,Porridge cu m?r ?i cocos f?r? zah?r sau gluten,,Crap la cuptor cu legumeNumar flexitarieni vegetarieni orice: 3466 3352 -5951,
Ciorba ardeleneasca de cartofi cu afumatura,,,,Tofu banh mi,,,Numar flexitarieni vegetarieni orice: 5328 3246 -7707,
Cost total 1263880
Ciorba ardeleneasca de vitel cu smantana,,,,Vinete Saganaki vegane,,,Numar flexitarieni vegetarieni orice: 1172 171 -476,
Ciorba ardeleneasca de cartofi cu afumatura,,,,Tofu banh mi,,,Numar flexitarieni vegetarieni orice: 971 740 -844,
Supa de galusti,Piept de ra?? �n sos de rodii,Papana?ii,Supa crema de legume cu crutoane,mancare de fasole verde,�nghe?at? antistres cu lavand? ?i afine,,Sushi VeganNumar flexitarieni vegetarieni orice: 146 170 551,
Ciorba cu coada de vita (acrita cu zeama de varza),S?rm?lu?e tradi?ionale,Cabane,Supa picanta de dovleac,Tocanita de cartofi cu salata sau muraturi�,"pr?jitur? cu ciocolat? fitness ""Chocaholic""",,Numar flexitarieni vegetarieni orice: 769 409 -311,
Supa limpede din oase si rasol de vita,,,,Ostropel cu soia,,,Numar flexitarieni vegetarieni orice: 930 1411 -1474,
Supa de gaina cu taitei,Chiftelu?e �n sos de bere,Prajitura Alba ca Zapada,Supa cu naut si spanac,Pilaf cu legume cu salata verd,Porridge cu m?r ?i cocos f?r? zah?r sau gluten,,Crap la cuptor cu legumeNumar flexitarieni vegetarieni orice: 1115 1359 -1607,
Supa de gaina cu taitei,Chiftelu?e �n sos de bere,Prajitura Alba ca Zapada,Supa cu naut si spanac,Pilaf cu legume cu salata verd,Porridge cu m?r ?i cocos f?r? zah?r sau gluten,,Crap la cuptor cu legumeNumar flexitarieni vegetarieni orice: 517 228 122,
supa/ciorba,Fel principal,desert,supa_veg,fel vegetarian,desert veg,supa_flex, fel flexNumar flexitarieni vegetarieni orice: 94 580 193,
Ciorba ardeleneasca de cartofi cu afumatura,,,,Tofu banh mi,,,Numar flexitarieni vegetarieni orice: 435 429 3,
supa/ciorba,Fel principal,desert,supa_veg,fel vegetarian,desert veg,supa_flex, fel flexNumar flexitarieni vegetarieni orice: 247 793 -173,
Ciorba de perisoare,Cordon Bleu de pui la cuptor, Amandina,Supa de linte cu crutoane,Cartof umplut cu pasta de masline,Brio?e s?n?toase cu morcov (din f?in? de gr�u spelta),supa/ciorba de peste,"�Somon� din tofu cu sparanghel, cartofi fondan?i ?i sos olandez vegan"Numar flexitarieni vegetarieni orice: 1297 706 -1136,
Supa limpede din oase si rasol de vita,,,,Ostropel cu soia,,,Numar flexitarieni vegetarieni orice: 1100 1437 -1670,
supa/ciorba,Fel principal,desert,supa_veg,fel vegetarian,desert veg,supa_flex, fel flexNumar flexitarieni vegetarieni orice: 864 1044 -1041,
Bors de tacamuri de pui,Ciulama de ciuperci champignon,Tort olandez,Supa curry,Varza calita cu mamaligut,Negresele cu ov?z ?i sfecl? ro?ie�,,Numar flexitarieni vegetarieni orice: 393 233 241,
Supa limpede din oase si rasol de vita,,,,Ostropel cu soia,,,Numar flexitarieni vegetarieni orice: 327 493 47,
Ciorba ardeleneasca de cartofi cu afumatura,,,,Tofu banh mi,,,Numar flexitarieni vegetarieni orice: 854 42 -29,
supa/ciorba,Fel principal,desert,supa_veg,fel vegetarian,desert veg,supa_flex, fel flexNumar flexitarieni vegetarieni orice: 65 1209 -407,
Ciorba de perisoare,Cordon Bleu de pui la cuptor, Amandina,Supa de linte cu crutoane,Cartof umplut cu pasta de masline,Brio?e s?n?toase cu morcov (din f?in? de gr�u spelta),supa/ciorba de peste,"�Somon� din tofu cu sparanghel, cartofi fondan?i ?i sos olandez vegan"Numar flexitarieni vegetarieni orice: 749 689 -571,
Ciorba de fasole,Paste suedeze,Crema de zah?r ars,Supa mexicana de rosi,"Cartofi prajiti, dulci sau albi/rosii",Budinc? cu orez ?i lapte s?n?toas? ?i cu un gust exotic veritabil�,,"somon la gr?tar, un cartof dulce copt ?i fasole verde sotat?."Numar flexitarieni vegetarieni orice: 674 974 -781,
Ciorba ardeleneasca de vitel cu smantana,,,,Vinete Saganaki vegane,,,Numar flexitarieni vegetarieni orice: 384 344 139,
Ciorba de miel,Toc?ni?? de vit? cu ciuperci,�G?lu?tele cu prune,Supa cu ciuperci champignon,Ciuperci la cuptor,Pr?jiturele cu scor?i?oar? ?i ov?z u?or de preparat�,,Chiftelute din pesteNumar flexitarieni vegetarieni orice: 153 951 -237,
Supa limpede din oase si rasol de vita,,,,Ostropel cu soia,,,Numar flexitarieni vegetarieni orice: 535 279 53,
Bors de tacamuri de pui,Ciulama de ciuperci champignon,Tort olandez,Supa curry,Varza calita cu mamaligut,Negresele cu ov?z ?i sfecl? ro?ie�,,Numar flexitarieni vegetarieni orice: 105 740 22,
Ciorba de miel,Toc?ni?? de vit? cu ciuperci,�G?lu?tele cu prune,Supa cu ciuperci champignon,Ciuperci la cuptor,Pr?jiturele cu scor?i?oar? ?i ov?z u?or de preparat�,,Chiftelute din pesteNumar flexitarieni vegetarieni orice: 1386 1041 -1560,
Supa de gaina cu taitei,Chiftelu?e �n sos de bere,Prajitura Alba ca Zapada,Supa cu naut si spanac,Pilaf cu legume cu salata verd,Porridge cu m?r ?i cocos f?r? zah?r sau gluten,,Crap la cuptor cu legumeNumar flexitarieni vegetarieni orice: 1379 540 -1052,
Ciorba de fasole,Paste suedeze,Crema de zah?r ars,Supa mexicana de rosi,"Cartofi prajiti, dulci sau albi/rosii",Budinc? cu orez ?i lapte s?n?toas? ?i cu un gust exotic veritabil�,,"somon la gr?tar, un cartof dulce copt ?i fasole verde sotat?."Numar flexitarieni vegetarieni orice: 1225 1141 -1499,
supa/ciorba,Fel principal,desert,supa_veg,fel vegetarian,desert veg,supa_flex, fel flexNumar flexitarieni vegetarieni orice: 62 705 100,
Ciorba ardeleneasca de cartofi cu afumatura,,,,Tofu banh mi,,,Numar flexitarieni vegetarieni orice: 1391 1080 -1604,
supa/ciorba,Fel principal,desert,supa_veg,fel vegetarian,desert veg,supa_flex, fel flexNumar flexitarieni vegetarieni orice: 704 188 -25,
Ciorba a la grec,Maz?re cu pui,Tort de ciocolata,Supa clara cu broccoli,"Orez preparat in stil chinezesc, cu legume",pr?jitur? cu morcov�,,Dovlecei cu ton si rosii cherry la cuptorNumar flexitarieni vegetarieni orice: 819 589 -541,
Bors de tacamuri de pui,Ciulama de ciuperci champignon,Tort olandez,Supa curry,Varza calita cu mamaligut,Negresele cu ov?z ?i sfecl? ro?ie�,,Numar flexitarieni vegetarieni orice: 1396 497 -1026,
Ciorba de vacuta,Pui la cuptor cu orez ?i cartofi,Pl?cinta cu mere sau cu dovleac,Ciorba de frunze de sfecla,Falafel,�p?tr??elele cu cacao�,,File de dorada cu cartofi si portocale la cuptorNumar flexitarieni vegetarieni orice: 153 1213 -499,
Bors de tacamuri de pui,Ciulama de ciuperci champignon,Tort olandez,Supa curry,Varza calita cu mamaligut,Negresele cu ov?z ?i sfecl? ro?ie�,,Numar flexitarieni vegetarieni orice: 1003 699 -835,
Ciorba ardeleneasca de vitel cu smantana,,,,Vinete Saganaki vegane,,,Numar flexitarieni vegetarieni orice: 638 429 -200,
Ciorba ardeleneasca de vitel cu smantana,,,,Vinete Saganaki vegane,,,Numar flexitarieni vegetarieni orice: 339 464 64,
Ciorba ardeleneasca de cartofi cu afumatura,,,,Tofu banh mi,,,Numar flexitarieni vegetarieni orice: 12 915 -60,
Ciorba de macris cu carne de caprioara,Tochitur? de porc,Brazilian Pav�,Ciorba de varza cu cartofi,paste cu legume,gust?rele de migdale cu umplutur? de curmale,,Scrumbie afumata reteta dobrogeanaNumar flexitarieni vegetarieni orice: 1284 1319 -1736,
Ciorba de vacuta,Pui la cuptor cu orez ?i cartofi,Pl?cinta cu mere sau cu dovleac,Ciorba de frunze de sfecla,Falafel,�p?tr??elele cu cacao�,,File de dorada cu cartofi si portocale la cuptorNumar flexitarieni vegetarieni orice: 1216 256 -605,
Ciorba ardeleneasca de vitel cu smantana,,,,Vinete Saganaki vegane,,,Numar flexitarieni vegetarieni orice: 415 129 323,
Supa limpede din oase si rasol de vita,,,,Ostropel cu soia,,,Numar flexitarieni vegetarieni orice: 275 1019 -427,
supa/ciorba,Fel principal,desert,supa_veg,fel vegetarian,desert veg,supa_flex, fel flexNumar flexitarieni vegetarieni orice: 533 598 -264,
Supa limpede din oase si rasol de vita,,,,Ostropel cu soia,,,Numar flexitarieni vegetarieni orice: 53 1047 -233,
Supa limpede din oase si rasol de vita,,,,Ostropel cu soia,,,Numar flexitarieni vegetarieni orice: 383 680 -196,
Supa de gaina cu taitei,Chiftelu?e �n sos de bere,Prajitura Alba ca Zapada,Supa cu naut si spanac,Pilaf cu legume cu salata verd,Porridge cu m?r ?i cocos f?r? zah?r sau gluten,,Crap la cuptor cu legumeNumar flexitarieni vegetarieni orice: 468 715 -316,
Supa de gaina cu taitei,Chiftelu?e �n sos de bere,Prajitura Alba ca Zapada,Supa cu naut si spanac,Pilaf cu legume cu salata verd,Porridge cu m?r ?i cocos f?r? zah?r sau gluten,,Crap la cuptor cu legumeNumar flexitarieni vegetarieni orice: 125 865 -123,
Ciorba ardeleneasca de cartofi cu afumatura,,,,Tofu banh mi,,,Numar flexitarieni vegetarieni orice: 192 323 352,
Ciorba de miel,Toc?ni?? de vit? cu ciuperci,�G?lu?tele cu prune,Supa cu ciuperci champignon,Ciuperci la cuptor,Pr?jiturele cu scor?i?oar? ?i ov?z u?or de preparat�,,Chiftelute din pesteNumar flexitarieni vegetarieni orice: 52 433 382,
Ciorba ardeleneasca de cartofi cu afumatura,,,,Tofu banh mi,,,Numar flexitarieni vegetarieni orice: 1178 928 -1239,
Supa de gaina cu taitei,Chiftelu?e �n sos de bere,Prajitura Alba ca Zapada,Supa cu naut si spanac,Pilaf cu legume cu salata verd,Porridge cu m?r ?i cocos f?r? zah?r sau gluten,,Crap la cuptor cu legumeNumar flexitarieni vegetarieni orice: 1440 1024 -1597,
Ciorba de macris cu carne de caprioara,Tochitur? de porc,Brazilian Pav�,Ciorba de varza cu cartofi,paste cu legume,gust?rele de migdale cu umplutur? de curmale,,Scrumbie afumata reteta dobrogeanaNumar flexitarieni vegetarieni orice: 1448 47 -628,
Ciorba de miel,Toc?ni?? de vit? cu ciuperci,�G?lu?tele cu prune,Supa cu ciuperci champignon,Ciuperci la cuptor,Pr?jiturele cu scor?i?oar? ?i ov?z u?or de preparat�,,Chiftelute din pesteNumar flexitarieni vegetarieni orice: 625 945 -703,
Ciorba de macris cu carne de caprioara,Tochitur? de porc,Brazilian Pav�,Ciorba de varza cu cartofi,paste cu legume,gust?rele de migdale cu umplutur? de curmale,,Scrumbie afumata reteta dobrogeanaNumar flexitarieni vegetarieni orice: 86 591 190,
Ciorba ardeleneasca de cartofi cu afumatura,,,,Tofu banh mi,,,Numar flexitarieni vegetarieni orice: 812 219 -164,
Ciorba de miel,Toc?ni?? de vit? cu ciuperci,�G?lu?tele cu prune,Supa cu ciuperci champignon,Ciuperci la cuptor,Pr?jiturele cu scor?i?oar? ?i ov?z u?or de preparat�,,Chiftelute din pesteNumar flexitarieni vegetarieni orice: 30 917 -80,
Ciorba ardeleneasca de vitel cu smantana,,,,Vinete Saganaki vegane,,,Numar flexitarieni vegetarieni orice: 22 603 242,
Ciorba cu coada de vita (acrita cu zeama de varza),S?rm?lu?e tradi?ionale,Cabane,Supa picanta de dovleac,Tocanita de cartofi cu salata sau muraturi�,"pr?jitur? cu ciocolat? fitness ""Chocaholic""",,Numar flexitarieni vegetarieni orice: 1206 1118 -1457,
Ciorba ardeleneasca de vitel cu smantana,,,,Vinete Saganaki vegane,,,Numar flexitarieni vegetarieni orice: 1353 480 -966,
Ciorba a la grec,Maz?re cu pui,Tort de ciocolata,Supa clara cu broccoli,"Orez preparat in stil chinezesc, cu legume",pr?jitur? cu morcov�,,Dovlecei cu ton si rosii cherry la cuptorNumar flexitarieni vegetarieni orice: 13 870 -16,
Ciorba ardeleneasca de vitel cu smantana,,,,Vinete Saganaki vegane,,,Numar flexitarieni vegetarieni orice: 560 418 -111,
Ciorba de macris cu carne de caprioara,Tochitur? de porc,Brazilian Pav�,Ciorba de varza cu cartofi,paste cu legume,gust?rele de migdale cu umplutur? de curmale,,Scrumbie afumata reteta dobrogeanaNumar flexitarieni vegetarieni orice: 1204 440 -777,
Ciorba ardeleneasca de vitel cu smantana,,,,Vinete Saganaki vegane,,,Numar flexitarieni vegetarieni orice: 1290 398 -821,
Ciorba de perisoare,Cordon Bleu de pui la cuptor, Amandina,Supa de linte cu crutoane,Cartof umplut cu pasta de masline,Brio?e s?n?toase cu morcov (din f?in? de gr�u spelta),supa/ciorba de peste,"�Somon� din tofu cu sparanghel, cartofi fondan?i ?i sos olandez vegan"Numar flexitarieni vegetarieni orice: 296 616 -45,
supa/ciorba,Fel principal,desert,supa_veg,fel vegetarian,desert veg,supa_flex, fel flexNumar flexitarieni vegetarieni orice: 1255 659 -1047,
Ciorba de miel,Toc?ni?? de vit? cu ciuperci,�G?lu?tele cu prune,Supa cu ciuperci champignon,Ciuperci la cuptor,Pr?jiturele cu scor?i?oar? ?i ov?z u?or de preparat�,,Chiftelute din pesteNumar flexitarieni vegetarieni orice: 753 1054 -940,
Ciorba de perisoare,Cordon Bleu de pui la cuptor, Amandina,Supa de linte cu crutoane,Cartof umplut cu pasta de masline,Brio?e s?n?toase cu morcov (din f?in? de gr�u spelta),supa/ciorba de peste,"�Somon� din tofu cu sparanghel, cartofi fondan?i ?i sos olandez vegan"Numar flexitarieni vegetarieni orice: 390 927 -450,
supa/ciorba,Fel principal,desert,supa_veg,fel vegetarian,desert veg,supa_flex, fel flexNumar flexitarieni vegetarieni orice: 505 397 -35,
Supa limpede din oase si rasol de vita,,,,Ostropel cu soia,,,Numar flexitarieni vegetarieni orice: 1111 379 -623,
Ciorba ardeleneasca de vitel cu smantana,,,,Vinete Saganaki vegane,,,Numar flexitarieni vegetarieni orice: 483 717 -333,
Ciorba ardeleneasca de cartofi cu afumatura,,,,Tofu banh mi,,,Numar flexitarieni vegetarieni orice: 351 1321 -805,
Supa de gaina cu taitei,Chiftelu?e �n sos de bere,Prajitura Alba ca Zapada,Supa cu naut si spanac,Pilaf cu legume cu salata verd,Porridge cu m?r ?i cocos f?r? zah?r sau gluten,,Crap la cuptor cu legumeNumar flexitarieni vegetarieni orice: 618 846 -597,
Ciorba de miel,Toc?ni?? de vit? cu ciuperci,�G?lu?tele cu prune,Supa cu ciuperci champignon,Ciuperci la cuptor,Pr?jiturele cu scor?i?oar? ?i ov?z u?or de preparat�,,Chiftelute din pesteNumar flexitarieni vegetarieni orice: 1046 484 -663,
supa/ciorba,Fel principal,desert,supa_veg,fel vegetarian,desert veg,supa_flex, fel flexNumar flexitarieni vegetarieni orice: 186 488 193,
Ciorba de vacuta,Pui la cuptor cu orez ?i cartofi,Pl?cinta cu mere sau cu dovleac,Ciorba de frunze de sfecla,Falafel,�p?tr??elele cu cacao�,,File de dorada cu cartofi si portocale la cuptorNumar flexitarieni vegetarieni orice: 1033 429 -595,
Bors de tacamuri de pui,Ciulama de ciuperci champignon,Tort olandez,Supa curry,Varza calita cu mamaligut,Negresele cu ov?z ?i sfecl? ro?ie�,,Numar flexitarieni vegetarieni orice: 1028 989 -1150,
Ciorba de perisoare,Cordon Bleu de pui la cuptor, Amandina,Supa de linte cu crutoane,Cartof umplut cu pasta de masline,Brio?e s?n?toase cu morcov (din f?in? de gr�u spelta),supa/ciorba de peste,"�Somon� din tofu cu sparanghel, cartofi fondan?i ?i sos olandez vegan"Numar flexitarieni vegetarieni orice: 1087 1235 -1455,
Ciorba a la grec,Maz?re cu pui,Tort de ciocolata,Supa clara cu broccoli,"Orez preparat in stil chinezesc, cu legume",pr?jitur? cu morcov�,,Dovlecei cu ton si rosii cherry la cuptorNumar flexitarieni vegetarieni orice: 1335 383 -851,
Supa limpede din oase si rasol de vita,,,,Ostropel cu soia,,,Numar flexitarieni vegetarieni orice: 1004 233 -370,
Ciorba de perisoare,Cordon Bleu de pui la cuptor, Amandina,Supa de linte cu crutoane,Cartof umplut cu pasta de masline,Brio?e s?n?toase cu morcov (din f?in? de gr�u spelta),supa/ciorba de peste,"�Somon� din tofu cu sparanghel, cartofi fondan?i ?i sos olandez vegan"Numar flexitarieni vegetarieni orice: 594 1045 -772,
Supa de galusti,Piept de ra?? �n sos de rodii,Papana?ii,Supa crema de legume cu crutoane,mancare de fasole verde,�nghe?at? antistres cu lavand? ?i afine,,Sushi VeganNumar flexitarieni vegetarieni orice: 1284 450 -867,
Ciorba a la grec,Maz?re cu pui,Tort de ciocolata,Supa clara cu broccoli,"Orez preparat in stil chinezesc, cu legume",pr?jitur? cu morcov�,,Dovlecei cu ton si rosii cherry la cuptorNumar flexitarieni vegetarieni orice: 97 949 -179,
Ciorba de macris cu carne de caprioara,Tochitur? de porc,Brazilian Pav�,Ciorba de varza cu cartofi,paste cu legume,gust?rele de migdale cu umplutur? de curmale,,Scrumbie afumata reteta dobrogeanaNumar flexitarieni vegetarieni orice: 1427 1114 -1674,
supa/ciorba,Fel principal,desert,supa_veg,fel vegetarian,desert veg,supa_flex, fel flexNumar flexitarieni vegetarieni orice: 458 243 166,
Supa de gaina cu taitei,Chiftelu?e �n sos de bere,Prajitura Alba ca Zapada,Supa cu naut si spanac,Pilaf cu legume cu salata verd,Porridge cu m?r ?i cocos f?r? zah?r sau gluten,,Crap la cuptor cu legumeNumar flexitarieni vegetarieni orice: 732 55 80,
supa/ciorba,Fel principal,desert,supa_veg,fel vegetarian,desert veg,supa_flex, fel flexNumar flexitarieni vegetarieni orice: 567 1116 -816,
Ciorba de perisoare,Cordon Bleu de pui la cuptor, Amandina,Supa de linte cu crutoane,Cartof umplut cu pasta de masline,Brio?e s?n?toase cu morcov (din f?in? de gr�u spelta),supa/ciorba de peste,"�Somon� din tofu cu sparanghel, cartofi fondan?i ?i sos olandez vegan"Numar flexitarieni vegetarieni orice: 1464 1047 -1644,
Ciorba a la grec,Maz?re cu pui,Tort de ciocolata,Supa clara cu broccoli,"Orez preparat in stil chinezesc, cu legume",pr?jitur? cu morcov�,,Dovlecei cu ton si rosii cherry la cuptorNumar flexitarieni vegetarieni orice: 501 798 -432,
Ciorba de miel,Toc?ni?? de vit? cu ciuperci,�G?lu?tele cu prune,Supa cu ciuperci champignon,Ciuperci la cuptor,Pr?jiturele cu scor?i?oar? ?i ov?z u?or de preparat�,,Chiftelute din pesteNumar flexitarieni vegetarieni orice: 1318 968 -1419,
Ciorba ardeleneasca de cartofi cu afumatura,,,,Tofu banh mi,,,Numar flexitarieni vegetarieni orice: 339 734 -206,
Bors de tacamuri de pui,Ciulama de ciuperci champignon,Tort olandez,Supa curry,Varza calita cu mamaligut,Negresele cu ov?z ?i sfecl? ro?ie�,,Numar flexitarieni vegetarieni orice: 521 622 -276,
Ciorba radauteana,,,,Quiche vegan f?r? crust?,,Numar flexitarieni vegetarieni orice: 954 877 -964,
Ciorba a la grec,Maz?re cu pui,Tort de ciocolata,Supa clara cu broccoli,"Orez preparat in stil chinezesc, cu legume",pr?jitur? cu morcov�,,Dovlecei cu ton si rosii cherry la cuptorNumar flexitarieni vegetarieni orice: 856 636 -625,
Ciorba a la grec,Maz?re cu pui,Tort de ciocolata,Supa clara cu broccoli,"Orez preparat in stil chinezesc, cu legume",pr?jitur? cu morcov�,,Dovlecei cu ton si rosii cherry la cuptorNumar flexitarieni vegetarieni orice: 1007 299 -439,
Supa de galusti,Piept de ra?? �n sos de rodii,Papana?ii,Supa crema de legume cu crutoane,mancare de fasole verde,�nghe?at? antistres cu lavand? ?i afine,,Sushi VeganNumar flexitarieni vegetarieni orice: 1191 136 -460,
Ciorba de vacuta,Pui la cuptor cu orez ?i cartofi,Pl?cinta cu mere sau cu dovleac,Ciorba de frunze de sfecla,Falafel,�p?tr??elele cu cacao�,,File de dorada cu cartofi si portocale la cuptorNumar flexitarieni vegetarieni orice: 231 807 -171,
Ciorba a la grec,Maz?re cu pui,Tort de ciocolata,Supa clara cu broccoli,"Orez preparat in stil chinezesc, cu legume",pr?jitur? cu morcov�,,Dovlecei cu ton si rosii cherry la cuptorNumar flexitarieni vegetarieni orice: 289 242 336,
Ciorba de vacuta,Pui la cuptor cu orez ?i cartofi,Pl?cinta cu mere sau cu dovleac,Ciorba de frunze de sfecla,Falafel,�p?tr??elele cu cacao�,,File de dorada cu cartofi si portocale la cuptorNumar flexitarieni vegetarieni orice: 282 670 -85,
Supa limpede din oase si rasol de vita,,,,Ostropel cu soia,,,Numar flexitarieni vegetarieni orice: 717 1014 -864,
Ciorba de miel,Toc?ni?? de vit? cu ciuperci,�G?lu?tele cu prune,Supa cu ciuperci champignon,Ciuperci la cuptor,Pr?jiturele cu scor?i?oar? ?i ov?z u?or de preparat�,,Chiftelute din pesteNumar flexitarieni vegetarieni orice: 273 178 416,
Supa limpede din oase si rasol de vita,,,,Ostropel cu soia,,,Numar flexitarieni vegetarieni orice: 840 7 20,
Ciorba de macris cu carne de caprioara,Tochitur? de porc,Brazilian Pav�,Ciorba de varza cu cartofi,paste cu legume,gust?rele de migdale cu umplutur? de curmale,,Scrumbie afumata reteta dobrogeanaNumar flexitarieni vegetarieni orice: 1299 348 -780,
Cost total 3422546
Ciorba de miel,Toc?ni?? de vit? cu ciuperci,�G?lu?tele cu prune,Supa cu ciuperci champignon,Ciuperci la cuptor,Pr?jiturele cu scor?i?oar? ?i ov?z u?or de preparat�,,Chiftelute din pesteNumar flexitarieni vegetarieni orice: 2503 739 -2375,
Supa de gaina cu taitei,Chiftelu?e �n sos de bere,Prajitura Alba ca Zapada,Supa cu naut si spanac,Pilaf cu legume cu salata verd,Porridge cu m?r ?i cocos f?r? zah?r sau gluten,,Crap la cuptor cu legumeNumar flexitarieni vegetarieni orice: 5580 1939 -6652,
Ciorba a la grec,Maz?re cu pui,Tort de ciocolata,Supa clara cu broccoli,"Orez preparat in stil chinezesc, cu legume",pr?jitur? cu morcov�,,Dovlecei cu ton si rosii cherry la cuptorNumar flexitarieni vegetarieni orice: 2397 2296 -3826,
Ciorba cu coada de vita (acrita cu zeama de varza),S?rm?lu?e tradi?ionale,Cabane,Supa picanta de dovleac,Tocanita de cartofi cu salata sau muraturi�,"pr?jitur? cu ciocolat? fitness ""Chocaholic""",,Numar flexitarieni vegetarieni orice: 3663 5813 -8609,
Ciorba de fasole,Paste suedeze,Crema de zah?r ars,Supa mexicana de rosi,"Cartofi prajiti, dulci sau albi/rosii",Budinc? cu orez ?i lapte s?n?toas? ?i cu un gust exotic veritabil�,,"somon la gr?tar, un cartof dulce copt ?i fasole verde sotat?."Numar flexitarieni vegetarieni orice: 2581 2366 -4080,
Ciorba de fasole,Paste suedeze,Crema de zah?r ars,Supa mexicana de rosi,"Cartofi prajiti, dulci sau albi/rosii",Budinc? cu orez ?i lapte s?n?toas? ?i cu un gust exotic veritabil�,,"somon la gr?tar, un cartof dulce copt ?i fasole verde sotat?."Numar flexitarieni vegetarieni orice: 8131 4995 -12259,
Supa limpede din oase si rasol de vita,,,,Ostropel cu soia,,,Numar flexitarieni vegetarieni orice: 6959 6901 -12993,
Ciorba de perisoare,Cordon Bleu de pui la cuptor, Amandina,Supa de linte cu crutoane,Cartof umplut cu pasta de masline,Brio?e s?n?toase cu morcov (din f?in? de gr�u spelta),supa/ciorba de peste,"�Somon� din tofu cu sparanghel, cartofi fondan?i ?i sos olandez vegan"Numar flexitarieni vegetarieni orice: 7769 2372 -9274,
Ciorba de vacuta,Pui la cuptor cu orez ?i cartofi,Pl?cinta cu mere sau cu dovleac,Ciorba de frunze de sfecla,Falafel,�p?tr??elele cu cacao�,,File de dorada cu cartofi si portocale la cuptorNumar flexitarieni vegetarieni orice: 6494 141 -5768,
Ciorba de perisoare,Cordon Bleu de pui la cuptor, Amandina,Supa de linte cu crutoane,Cartof umplut cu pasta de masline,Brio?e s?n?toase cu morcov (din f?in? de gr�u spelta),supa/ciorba de peste,"�Somon� din tofu cu sparanghel, cartofi fondan?i ?i sos olandez vegan"Numar flexitarieni vegetarieni orice: 5385 5157 -9675,
Supa de galusti,Piept de ra?? �n sos de rodii,Papana?ii,Supa crema de legume cu crutoane,mancare de fasole verde,�nghe?at? antistres cu lavand? ?i afine,,Sushi VeganNumar flexitarieni vegetarieni orice: 6554 5282 -10969,
Ciorba de fasole,Paste suedeze,Crema de zah?r ars,Supa mexicana de rosi,"Cartofi prajiti, dulci sau albi/rosii",Budinc? cu orez ?i lapte s?n?toas? ?i cu un gust exotic veritabil�,,"somon la gr?tar, un cartof dulce copt ?i fasole verde sotat?."Numar flexitarieni vegetarieni orice: 3090 533 -2756,
Ciorba radauteana,,,,Quiche vegan f?r? crust?,,Numar flexitarieni vegetarieni orice: 2763 3294 -5190,
Ciorba radauteana,,,,Quiche vegan f?r? crust?,,Numar flexitarieni vegetarieni orice: 8308 1097 -8538,
Ciorba ardeleneasca de vitel cu smantana,,,,Vinete Saganaki vegane,,,Numar flexitarieni vegetarieni orice: 2214 7656 -9003,
Ciorba de macris cu carne de caprioara,Tochitur? de porc,Brazilian Pav�,Ciorba de varza cu cartofi,paste cu legume,gust?rele de migdale cu umplutur? de curmale,,Scrumbie afumata reteta dobrogeanaNumar flexitarieni vegetarieni orice: 5871 1355 -6359,
Ciorba de vacuta,Pui la cuptor cu orez ?i cartofi,Pl?cinta cu mere sau cu dovleac,Ciorba de frunze de sfecla,Falafel,�p?tr??elele cu cacao�,,File de dorada cu cartofi si portocale la cuptorNumar flexitarieni vegetarieni orice: 2614 6497 -8244,
Ciorba de perisoare,Cordon Bleu de pui la cuptor, Amandina,Supa de linte cu crutoane,Cartof umplut cu pasta de masline,Brio?e s?n?toase cu morcov (din f?in? de gr�u spelta),supa/ciorba de peste,"�Somon� din tofu cu sparanghel, cartofi fondan?i ?i sos olandez vegan"Numar flexitarieni vegetarieni orice: 2132 2102 -3367,
Ciorba de fasole,Paste suedeze,Crema de zah?r ars,Supa mexicana de rosi,"Cartofi prajiti, dulci sau albi/rosii",Budinc? cu orez ?i lapte s?n?toas? ?i cu un gust exotic veritabil�,,"somon la gr?tar, un cartof dulce copt ?i fasole verde sotat?."Numar flexitarieni vegetarieni orice: 8750 1690 -9573,
Supa de galusti,Piept de ra?? �n sos de rodii,Papana?ii,Supa crema de legume cu crutoane,mancare de fasole verde,�nghe?at? antistres cu lavand? ?i afine,,Sushi VeganNumar flexitarieni vegetarieni orice: 5871 6859 -11863,
Ciorba ardeleneasca de vitel cu smantana,,,,Vinete Saganaki vegane,,,Numar flexitarieni vegetarieni orice: 4161 2739 -6033,
Ciorba radauteana,,,,Quiche vegan f?r? crust?,,Numar flexitarieni vegetarieni orice: 8218 2566 -9917,
Ciorba a la grec,Maz?re cu pui,Tort de ciocolata,Supa clara cu broccoli,"Orez preparat in stil chinezesc, cu legume",pr?jitur? cu morcov�,,Dovlecei cu ton si rosii cherry la cuptorNumar flexitarieni vegetarieni orice: 7414 3519 -10066,
Ciorba cu coada de vita (acrita cu zeama de varza),S?rm?lu?e tradi?ionale,Cabane,Supa picanta de dovleac,Tocanita de cartofi cu salata sau muraturi�,"pr?jitur? cu ciocolat? fitness ""Chocaholic""",,Numar flexitarieni vegetarieni orice: 4400 4580 -8113,
Ciorba a la grec,Maz?re cu pui,Tort de ciocolata,Supa clara cu broccoli,"Orez preparat in stil chinezesc, cu legume",pr?jitur? cu morcov�,,Dovlecei cu ton si rosii cherry la cuptorNumar flexitarieni vegetarieni orice: 2424 3376 -4933,
Ciorba de macris cu carne de caprioara,Tochitur? de porc,Brazilian Pav�,Ciorba de varza cu cartofi,paste cu legume,gust?rele de migdale cu umplutur? de curmale,,Scrumbie afumata reteta dobrogeanaNumar flexitarieni vegetarieni orice: 4893 8067 -12093,
Ciorba de fasole,Paste suedeze,Crema de zah?r ars,Supa mexicana de rosi,"Cartofi prajiti, dulci sau albi/rosii",Budinc? cu orez ?i lapte s?n?toas? ?i cu un gust exotic veritabil�,,"somon la gr?tar, un cartof dulce copt ?i fasole verde sotat?."Numar flexitarieni vegetarieni orice: 1223 8055 -8411,
Supa de galusti,Piept de ra?? �n sos de rodii,Papana?ii,Supa crema de legume cu crutoane,mancare de fasole verde,�nghe?at? antistres cu lavand? ?i afine,,Sushi VeganNumar flexitarieni vegetarieni orice: 8279 2050 -9462,
Bors de tacamuri de pui,Ciulama de ciuperci champignon,Tort olandez,Supa curry,Varza calita cu mamaligut,Negresele cu ov?z ?i sfecl? ro?ie�,,Numar flexitarieni vegetarieni orice: 1185 6651 -6969,
Supa de galusti,Piept de ra?? �n sos de rodii,Papana?ii,Supa crema de legume cu crutoane,mancare de fasole verde,�nghe?at? antistres cu lavand? ?i afine,,Sushi VeganNumar flexitarieni vegetarieni orice: 1954 3833 -4920,
Ciorba cu coada de vita (acrita cu zeama de varza),S?rm?lu?e tradi?ionale,Cabane,Supa picanta de dovleac,Tocanita de cartofi cu salata sau muraturi�,"pr?jitur? cu ciocolat? fitness ""Chocaholic""",,Numar flexitarieni vegetarieni orice: 5695 8153 -12981,
Ciorba ardeleneasca de cartofi cu afumatura,,,,Tofu banh mi,,,Numar flexitarieni vegetarieni orice: 2944 8670 -10747,
Ciorba a la grec,Maz?re cu pui,Tort de ciocolata,Supa clara cu broccoli,"Orez preparat in stil chinezesc, cu legume",pr?jitur? cu morcov�,,Dovlecei cu ton si rosii cherry la cuptorNumar flexitarieni vegetarieni orice: 1757 4197 -5087,
Ciorba de macris cu carne de caprioara,Tochitur? de porc,Brazilian Pav�,Ciorba de varza cu cartofi,paste cu legume,gust?rele de migdale cu umplutur? de curmale,,Scrumbie afumata reteta dobrogeanaNumar flexitarieni vegetarieni orice: 2055 5859 -7047,
Ciorba de fasole,Paste suedeze,Crema de zah?r ars,Supa mexicana de rosi,"Cartofi prajiti, dulci sau albi/rosii",Budinc? cu orez ?i lapte s?n?toas? ?i cu un gust exotic veritabil�,,"somon la gr?tar, un cartof dulce copt ?i fasole verde sotat?."Numar flexitarieni vegetarieni orice: 6814 1810 -7757,
Ciorba ardeleneasca de vitel cu smantana,,,,Vinete Saganaki vegane,,,Numar flexitarieni vegetarieni orice: 7334 120 -6587,
Ciorba de macris cu carne de caprioara,Tochitur? de porc,Brazilian Pav�,Ciorba de varza cu cartofi,paste cu legume,gust?rele de migdale cu umplutur? de curmale,,Scrumbie afumata reteta dobrogeanaNumar flexitarieni vegetarieni orice: 2254 2933 -4320,
Supa de galusti,Piept de ra?? �n sos de rodii,Papana?ii,Supa crema de legume cu crutoane,mancare de fasole verde,�nghe?at? antistres cu lavand? ?i afine,,Sushi VeganNumar flexitarieni vegetarieni orice: 4862 5195 -9190,
Supa de galusti,Piept de ra?? �n sos de rodii,Papana?ii,Supa crema de legume cu crutoane,mancare de fasole verde,�nghe?at? antistres cu lavand? ?i afine,,Sushi VeganNumar flexitarieni vegetarieni orice: 4631 448 -4212,
supa/ciorba,Fel principal,desert,supa_veg,fel vegetarian,desert veg,supa_flex, fel flexNumar flexitarieni vegetarieni orice: 8054 3365 -10552,
Ciorba ardeleneasca de cartofi cu afumatura,,,,Tofu banh mi,,,Numar flexitarieni vegetarieni orice: 2909 1445 -3487,
Supa de galusti,Piept de ra?? �n sos de rodii,Papana?ii,Supa crema de legume cu crutoane,mancare de fasole verde,�nghe?at? antistres cu lavand? ?i afine,,Sushi VeganNumar flexitarieni vegetarieni orice: 4554 8800 -12487,
Ciorba de fasole,Paste suedeze,Crema de zah?r ars,Supa mexicana de rosi,"Cartofi prajiti, dulci sau albi/rosii",Budinc? cu orez ?i lapte s?n?toas? ?i cu un gust exotic veritabil�,,"somon la gr?tar, un cartof dulce copt ?i fasole verde sotat?."Numar flexitarieni vegetarieni orice: 7277 8305 -14715,
Bors de tacamuri de pui,Ciulama de ciuperci champignon,Tort olandez,Supa curry,Varza calita cu mamaligut,Negresele cu ov?z ?i sfecl? ro?ie�,,Numar flexitarieni vegetarieni orice: 4348 3254 -6735,
Supa de galusti,Piept de ra?? �n sos de rodii,Papana?ii,Supa crema de legume cu crutoane,mancare de fasole verde,�nghe?at? antistres cu lavand? ?i afine,,Sushi VeganNumar flexitarieni vegetarieni orice: 7239 447 -6819,
Cost total 1616995
